index,id,title,duration,duration_min,url,is_short_duration_le_60,categories
1,k1m_EewHQ80,💩똥싸고 나면 우다다 뛰어다니는 고양이 특징,1352.0,22.53,https://www.youtube.com/watch?v=k1m_EewHQ80,False,행동/감정;건강/진료
2,G6tWUwAGnkU,우리 고양이가 편안하다는 증거,287.0,4.78,https://www.youtube.com/watch?v=G6tWUwAGnkU,False,행동/감정
3,HUrdSF2ob5w,다음 생엔 강아지 키울거예여...고양이만 10년 이상 키우다가 변절한 이유,3948.0,65.8,https://www.youtube.com/watch?v=HUrdSF2ob5w,False,건강/진료
4,aOtBpnJokLw,[어린이날 기념] 수의사도 어쩔수 없었던 캣초딩 시절 레전드 에피소드,3196.0,53.27,https://www.youtube.com/watch?v=aOtBpnJokLw,False,건강/진료;브이로그/서사
5,VU8-78KuHSg,"미야옹철학관 OPEN 고양이 이름, 운명까지 바꿉니다",843.0,14.05,https://www.youtube.com/watch?v=VU8-78KuHSg,False,기타/엔터테인먼트
6,E0gkq3Q_Me0,고양이 간식은 하루에 딱 이만큼만 먹이세요,929.0,15.48,https://www.youtube.com/watch?v=E0gkq3Q_Me0,False,생활/돌봄
7,3HddCDIGQ2Y,분노 공허 시기 질투만 남은 남의 《고양이 과시대회》,999.0,16.65,https://www.youtube.com/watch?v=3HddCDIGQ2Y,False,기타/엔터테인먼트
8,NYQ2k_DzKOg,고양이 발톱 이렇게 깎으면 트라우마 생깁니다,249.0,4.15,https://www.youtube.com/watch?v=NYQ2k_DzKOg,False,건강/진료
9,Pv6aPt5ll1k,외모 일황 고양이의 충격적인 실체ㅣ묘종백과 랙돌 편,569.0,9.48,https://www.youtube.com/watch?v=Pv6aPt5ll1k,False,품종/지식
10,LBCfK8Ahf1c,고양이가 나를 얼마나 좋아하는지 확인하는 고양이 인사법,312.0,5.2,https://www.youtube.com/watch?v=LBCfK8Ahf1c,False,행동/감정
11,NW96CmZeSzI,고양이는 보호자를 얼마나 오래 기억할까?,886.0,14.77,https://www.youtube.com/watch?v=NW96CmZeSzI,False,행동/감정;생활/돌봄
12,7E2PVTWYMIg,이 테스트 해보면 고양이 성격 바로 나옴,403.0,6.72,https://www.youtube.com/watch?v=7E2PVTWYMIg,False,행동/감정
13,PMwwKVmf-Eg,이혼소송보다 고양이 합사가 더 힘든 이유ㅣ고양식탁 조인섭 변호사 편,1719.0,28.65,https://www.youtube.com/watch?v=PMwwKVmf-Eg,False,행동/감정;건강/진료
14,xzQXd7FdzQg,평소와 같이 그냥 출근하면 안 되는 이유,219.0,3.65,https://www.youtube.com/watch?v=xzQXd7FdzQg,False,기타/엔터테인먼트
15,ywqsep1FYpk,아기 낳으니까 어때요?,375.0,6.25,https://www.youtube.com/watch?v=ywqsep1FYpk,False,브이로그/서사
16,5AJStJPD7P0,고양이가 싸울 때 절대 하면 안되는 행동,674.0,11.23,https://www.youtube.com/watch?v=5AJStJPD7P0,False,행동/감정
17,Vb_sCADhvC8,진료실에서 수의사에게 거짓말하는 보호자의 심리,697.0,11.62,https://www.youtube.com/watch?v=Vb_sCADhvC8,False,행동/감정;건강/진료;생활/돌봄
18,EAgLtHWLq4c,인간관계 손절할 때 고양이를 참고하세요,838.0,13.97,https://www.youtube.com/watch?v=EAgLtHWLq4c,False,기타/엔터테인먼트
19,7tW0esJ8fig,고양이 실종에 대한 솔직한 생각ㅣ고양식탁 원탐정 편,1625.0,27.08,https://www.youtube.com/watch?v=7tW0esJ8fig,False,기타/엔터테인먼트
20,sxyIvZVhI_M,예민한 고양이 이대로 두면 안되는 이유,661.0,11.02,https://www.youtube.com/watch?v=sxyIvZVhI_M,False,기타/엔터테인먼트
21,4lW99QwkLg8,이렇게 갑자기 고양이를 데려와도 될까?,1165.0,19.42,https://www.youtube.com/watch?v=4lW99QwkLg8,False,기타/엔터테인먼트
22,wQnqruAhLnA,고양이도 자리지키기 하는데 인간은 왜 안해요?,1199.0,19.98,https://www.youtube.com/watch?v=wQnqruAhLnA,False,기타/엔터테인먼트
23,-qOGsTPB8f8,한국이 이건 확실히 낫지🇰🇷 전세계 고양이 탐험,1107.0,18.45,https://www.youtube.com/watch?v=-qOGsTPB8f8,False,기타/엔터테인먼트
24,ICQFIRNk-P0,고양이 구경하다가 수의사 버튼 눌림,632.0,10.53,https://www.youtube.com/watch?v=ICQFIRNk-P0,False,건강/진료
25,efwPSJEZdIg,SUB) 밖에선 여주인 내가 집에선 집사?ㅣ고양식탁 김혜윤 편,1196.0,19.93,https://www.youtube.com/watch?v=efwPSJEZdIg,False,생활/돌봄
26,x7582LdLTzQ,'이 장소'를 잃으면 고양이의 스트레스가 시작됩니다,464.0,7.73,https://www.youtube.com/watch?v=x7582LdLTzQ,False,행동/감정
27,7KECg0C0a1E,말릴까 말까? 이건 노는걸까 싸우는걸까? 대체 사이가 좋은건지 나쁜건지…다묘집사 주목!,548.0,9.13,https://www.youtube.com/watch?v=7KECg0C0a1E,False,행동/감정;생활/돌봄
28,uGlHgf15AqA,월별로 '이거' 놓치면 병원비가 확 올라갑니다🐱🧨,630.0,10.5,https://www.youtube.com/watch?v=uGlHgf15AqA,False,건강/진료
29,mdwvt0qPIQE,연프출신 수의사가 말아주는 연애상담💘 회사상사에게 고백 할말?/고양이를 반대하는 예랑이/애인있는 사람을 좋아해요/불법도박 남친 사연,1818.0,30.3,https://www.youtube.com/watch?v=mdwvt0qPIQE,False,행동/감정;건강/진료
30,iWSeVz-1tyg,딸아 고양이 별 거 없다,477.0,7.95,https://www.youtube.com/watch?v=iWSeVz-1tyg,False,기타/엔터테인먼트
31,uDpySxHdjng,보호소 고양이의 삶은 달라질수 있을까?,693.0,11.55,https://www.youtube.com/watch?v=uDpySxHdjng,False,기타/엔터테인먼트
32,c4rDfDLFoGg,가족 중 단 한 사람만 따르는 고양이가 결국에 힘들어지는 이유,425.0,7.08,https://www.youtube.com/watch?v=c4rDfDLFoGg,False,브이로그/서사
33,rQeHzv7NE1A,집사 부재 Yes? No? 고양이 상태별로 다릅니다,274.0,4.57,https://www.youtube.com/watch?v=rQeHzv7NE1A,False,생활/돌봄
34,pH9gwrTzyeg,겨울이라 잠깐 커진거 맞아요? 《뚱냥이 반성회》,804.0,13.4,https://www.youtube.com/watch?v=pH9gwrTzyeg,False,기타/엔터테인먼트
35,dd3O1yd1EaU,고양이 혼자 있을 때 진짜 위험한건 몇 박일까?ㅣ집사메이커 lv.15,206.0,3.43,https://www.youtube.com/watch?v=dd3O1yd1EaU,False,생활/돌봄
36,HhPN8V9sj0Y,구조된 야생 바다 아깽이의 충격적인 변화,691.0,11.52,https://www.youtube.com/watch?v=HhPN8V9sj0Y,False,건강/진료
37,FzKvvBD_O2g,고양이가 사람을 순위 매기는 기준(테스트 포함),412.0,6.87,https://www.youtube.com/watch?v=FzKvvBD_O2g,False,기타/엔터테인먼트
38,lzaO3_xXhC0,고양이는 왜 이렇게 양심이 없을까?,431.0,7.18,https://www.youtube.com/watch?v=lzaO3_xXhC0,False,기타/엔터테인먼트
39,fF9M9TvSl8Y,전기장판 틀어줘도 괜찮나요? 겨울에 고양이 케어 어떻게 해요?,415.0,6.92,https://www.youtube.com/watch?v=fF9M9TvSl8Y,False,기타/엔터테인먼트
40,L51rIushlRs,1가정 1고양이 필수😼수의사의 ‘야무진 고양이는 오늘도 우울’ 리뷰,511.0,8.52,https://www.youtube.com/watch?v=L51rIushlRs,False,건강/진료
41,nI_rZFGHYrg,[4hz] 고양이랑 꿀잠자는 주파수😴 효과보장! 매일 5분이면 고양이 귀가 자라난다,367.0,6.12,https://www.youtube.com/watch?v=nI_rZFGHYrg,False,기타/엔터테인먼트
42,TloIxKSFlyI,몇 명이랑 살아야 고양이는 만족할까? 1인가구 vs 다인가구ㅣ미야옹서베이,658.0,10.97,https://www.youtube.com/watch?v=TloIxKSFlyI,False,건강/진료
43,xJy9e6YAKn8,"미야옹철 2세 공개, 고양이와 아침, 요즘 하는 명상 소개, 그릭요거트 추천, 휴모님 없이 유튜브 촬영하는 vlog",692.0,11.53,https://www.youtube.com/watch?v=xJy9e6YAKn8,False,기타/엔터테인먼트
44,RpbEw4m5kj0,우리 집 고양이는 분리불안 몇 단계일까? 지금 당장 확인해보세요,519.0,8.65,https://www.youtube.com/watch?v=RpbEw4m5kj0,False,생활/돌봄
45,RYsuCT-QOUI,물 닿기 싫어 발가락 쫙 🐾그러고도 니가 바다고양이니?ㅣ미야옹톡 씨캣,617.0,10.28,https://www.youtube.com/watch?v=RYsuCT-QOUI,False,기타/엔터테인먼트
46,fYBMLg1bQ44,발톱통신 가속모드! 벽지 다 갈아엎는 고양이 인테리어 사장님,493.0,8.22,https://www.youtube.com/watch?v=fYBMLg1bQ44,False,건강/진료
47,I9-lFBPx2Vo,고양이는 그루밍 하니까 평생 안 씻어도 된다는데 정말일까?,878.0,14.63,https://www.youtube.com/watch?v=I9-lFBPx2Vo,False,기타/엔터테인먼트
48,RKpQal996NI,"‘다시 길로 돌려보냈다’는 말, 그게 가장 잔인한 변명입니다",252.0,4.2,https://www.youtube.com/watch?v=RKpQal996NI,False,건강/진료
49,YENHP5n2Fl0,처음 본 고양이랑 친해지는 방법,327.0,5.45,https://www.youtube.com/watch?v=YENHP5n2Fl0,False,기타/엔터테인먼트
50,8C29y2QRaK4,"추석에 고양이 두고갈까, 데려갈까? 딱 정해드림",2070.0,34.5,https://www.youtube.com/watch?v=8C29y2QRaK4,False,기타/엔터테인먼트
51,dyuAWs2KKjk,고양이 임보 중 최고 난이도는? 케이스별 임보 가이드 총집합,549.0,9.15,https://www.youtube.com/watch?v=dyuAWs2KKjk,False,생활/돌봄
52,mSABAej_XYI,"7살 고양이, ‘이거’ 안 했다가 치아 다 뽑을 뻔 했습니다…",718.0,11.97,https://www.youtube.com/watch?v=mSABAej_XYI,False,건강/진료
53,WxG8Zr9SQOU,엄마 나 회사 안 갈래요 고양이 봐야된단 말이에요 그래도 가야지 네가 부장인데…ㅣ고양식탁 민음사TV 조아란 편,2041.0,34.02,https://www.youtube.com/watch?v=WxG8Zr9SQOU,False,기타/엔터테인먼트
54,OGBoFn95WEA,내 연프가 여깄어...고양이들의 데이트를 따라가봤다,570.0,9.5,https://www.youtube.com/watch?v=OGBoFn95WEA,False,기타/엔터테인먼트
55,EdVSHBT1TLs,천재거나 미치거나ㅣ묘종백과 아비시니안 편,634.0,10.57,https://www.youtube.com/watch?v=EdVSHBT1TLs,False,품종/지식
56,TzVgqK1XYDk,우리집 고양이는 역변? 정변? 냥생역전✨,565.0,9.42,https://www.youtube.com/watch?v=TzVgqK1XYDk,False,건강/진료;생활/돌봄
57,Utl-p_gAP2Q,장난인줄 알았죠…? 진짜 물린 겁니다 (물렸을 때 상황별 대처법 총정리!),1045.0,17.42,https://www.youtube.com/watch?v=Utl-p_gAP2Q,False,기타/엔터테인먼트
58,SHWNdSofKp0,고양이가 친구를 사귀게 되면 '이 시그널'이 있습니다,317.0,5.28,https://www.youtube.com/watch?v=SHWNdSofKp0,False,기타/엔터테인먼트
59,Pm_DdDJtC2E,염소소리로 잔소리하는 기묘한 고양이🐑,480.0,8.0,https://www.youtube.com/watch?v=Pm_DdDJtC2E,False,기타/엔터테인먼트
60,gRxkZ3_qrKU,둘이 헤어지면 고양이는 누가 키워야 할까?,512.0,8.53,https://www.youtube.com/watch?v=gRxkZ3_qrKU,False,기타/엔터테인먼트
61,gCDdmEBcUok,고양이한테 한 번이라도 밟혀본 사람이 대단한 이유,280.0,4.67,https://www.youtube.com/watch?v=gCDdmEBcUok,False,기타/엔터테인먼트
62,UcAOJ83hKkY,[4K] 입 속까지 다 보여주는 팬서비스 영상,842.0,14.03,https://www.youtube.com/watch?v=UcAOJ83hKkY,False,기타/엔터테인먼트
63,Y9Al5FfyWIQ,고양이 루틴에 집사가 종속되면 생기는 심각한 문제ㅣ미야옹서베이,487.0,8.12,https://www.youtube.com/watch?v=Y9Al5FfyWIQ,False,생활/돌봄
64,ljU8fX9rBx4,미야옹철을 은퇴시킬 초등학생의 고양이 비법서📖,448.0,7.47,https://www.youtube.com/watch?v=ljU8fX9rBx4,False,기타/엔터테인먼트
65,ZH3RaHy6DMQ,"고양이 구토, 치명적 결과를 맞이할 수 있습니다ㅣ집사메이커 lv.14",233.0,3.88,https://www.youtube.com/watch?v=ZH3RaHy6DMQ,False,건강/진료;생활/돌봄
66,cl0UqI3Je8A,고양이에게 상처받은 사람들(외상포함) F옹철이 위로해드립니다,437.0,7.28,https://www.youtube.com/watch?v=cl0UqI3Je8A,False,건강/진료
67,PtJuBg2SiYI,SUB) 눈떠보니 집사가 유승호...? 그 남자의 엄청난 (집)사생활ㅣ고양식탁 유승호 편,1788.0,29.8,https://www.youtube.com/watch?v=PtJuBg2SiYI,False,생활/돌봄
68,CIvbmJoZhOQ,귀가 찢어지고 발톱이 뽑혔다...앗 실수! 초보집사의 웃픈 오해😹,415.0,6.92,https://www.youtube.com/watch?v=CIvbmJoZhOQ,False,건강/진료;생활/돌봄
69,JQXZGY9L8vg,빗질 좋아하는 고양이로 만드는 비법💈미야옹실 영업중💈,477.0,7.95,https://www.youtube.com/watch?v=JQXZGY9L8vg,False,행동/감정
70,jqwzDIxWQk8,무시당하는 집사 주목! 고양이가 서열을 정하는 순간,423.0,7.05,https://www.youtube.com/watch?v=jqwzDIxWQk8,False,생활/돌봄
71,LbmoO2nqXBE,"고양이가 놀아달래서 힘든 집사, 이렇게 하시면 됩니다!",956.0,15.93,https://www.youtube.com/watch?v=LbmoO2nqXBE,False,생활/돌봄
72,_sxrpU0x4g8,"이 행동, ‘놀이’가 아닙니다! 고양이 사이가 나쁘다는 증거🚨",394.0,6.57,https://www.youtube.com/watch?v=_sxrpU0x4g8,False,행동/감정;생활/돌봄
73,jsl4PSyyYKQ,"여름, 고양이 목숨을 위협하는 치명적인 5가지 요인",365.0,6.08,https://www.youtube.com/watch?v=jsl4PSyyYKQ,False,기타/엔터테인먼트
74,VUIsWJLVgpE,"벽짚기 챌린지, 간식 지능테스트…안 해본 집사 없지?(귀엽긴 함)",1137.0,18.95,https://www.youtube.com/watch?v=VUIsWJLVgpE,False,생활/돌봄
75,0YVhPUZixY4,집사가 하란다고 냅다 똥꼬쇼 하는 고양이 어떤데,509.0,8.48,https://www.youtube.com/watch?v=0YVhPUZixY4,False,건강/진료;생활/돌봄
76,I3rQcjLvx38,(깜짝발표⭐️) 고양이 있는 집에 아기가 태어나면 어떡할까?,532.0,8.87,https://www.youtube.com/watch?v=I3rQcjLvx38,False,생활/돌봄;브이로그/서사
77,PUzgVTytfk0,고양이 걸그룹 불화설💥춘봉첨지와 칠복이의 미래는?ㅣ미야옹철의 가정방문 언더월드 편,933.0,15.55,https://www.youtube.com/watch?v=PUzgVTytfk0,False,기타/엔터테인먼트
78,MNrLy0Lh8kk,고양이 있는 집 에어컨 온도 딱 정해드립니다! 여름철 온도·습도·질병🌞💦,394.0,6.57,https://www.youtube.com/watch?v=MNrLy0Lh8kk,False,건강/진료;생활/돌봄
79,FZD-S3Y2tOI,호섭처남으로 '아기고양이 성장과정' 몰아보기😻,2113.0,35.22,https://www.youtube.com/watch?v=FZD-S3Y2tOI,False,브이로그/서사
80,qeeBDbbwBEo,고양이도 코 파나요? 코딱지로 알아보는 건강신호,385.0,6.42,https://www.youtube.com/watch?v=qeeBDbbwBEo,False,건강/진료
81,qpgMDZIlnGI,낯가리는 고양이 그냥 두면 안 되는 이유,449.0,7.48,https://www.youtube.com/watch?v=qpgMDZIlnGI,False,기타/엔터테인먼트
82,sL1aBwz1h0A,정신과 의사가 고양이를 키우면 벌어지는 일ㅣ고양식탁 오진승 편,1890.0,31.5,https://www.youtube.com/watch?v=sL1aBwz1h0A,False,기타/엔터테인먼트
83,k2QBLCAquzc,동그란 까만 눈이 귀여우세요? ㄷㄷㄷ안키워 본 사람은 모르는 고양이에 대한 착각들,397.0,6.62,https://www.youtube.com/watch?v=k2QBLCAquzc,False,기타/엔터테인먼트
84,zFLXgnujWhY,SUB) 미야옹철한테 한 수 배우고 간 후배고양이 미야오,1081.0,18.02,https://www.youtube.com/watch?v=zFLXgnujWhY,False,기타/엔터테인먼트
85,yRa3J0IRMtk,인간의 이기심이라고? 고양이 중성화에 대한 모든 것ㅣ집사메이커 lv.13,213.0,3.55,https://www.youtube.com/watch?v=yRa3J0IRMtk,False,생활/돌봄
86,0suAqmGVH9k,조심하세요! 수의사가 알려주는 고양이 귀 청소👂,350.0,5.83,https://www.youtube.com/watch?v=0suAqmGVH9k,False,건강/진료
87,OzpE01M79gE,러시아에서 온 이중인격 고양이ㅣ묘종백과 러시안블루 편,594.0,9.9,https://www.youtube.com/watch?v=OzpE01M79gE,False,품종/지식
88,KbY-iAaqV2U,이렇게 하면 안 돼요! 수의사의 고양이 눈곱 관리법,327.0,5.45,https://www.youtube.com/watch?v=KbY-iAaqV2U,False,건강/진료
89,9XIPfwBaoPg,수의사 경악! 세상에서 제일 이상한 고양이 모음| 웃수저 고양이,568.0,9.47,https://www.youtube.com/watch?v=9XIPfwBaoPg,False,건강/진료
90,T5QYpo_T2w8,고양이도 중2병이 있을까?,398.0,6.63,https://www.youtube.com/watch?v=T5QYpo_T2w8,False,기타/엔터테인먼트
91,FLwzHgZ6pBw,집사의 슬픔에 공감하는 고양이,720.0,12.0,https://www.youtube.com/watch?v=FLwzHgZ6pBw,False,생활/돌봄
92,-UYCv4AJ2TE,우리 집에 고양이 보러 갈래?ㅣ고양식탁 치즈(CHEEZE) 편,1145.0,19.08,https://www.youtube.com/watch?v=-UYCv4AJ2TE,False,생활/돌봄
93,UEyQkeKNmZs,암내에 중독된 고양이의 충격적인 제보영상,450.0,7.5,https://www.youtube.com/watch?v=UEyQkeKNmZs,False,기타/엔터테인먼트
94,0rSxTs1-dG4,고양이는 거울 속 자기 얼굴을 알까?🪞,408.0,6.8,https://www.youtube.com/watch?v=0rSxTs1-dG4,False,기타/엔터테인먼트
95,a1AKM2hI9Is,고양이는 왜 네모난 곳을 좋아할까?,349.0,5.82,https://www.youtube.com/watch?v=a1AKM2hI9Is,False,행동/감정
96,mlrN0fJ2Xyc,자가진단으로 처방사료 먹였다가 벌어진 끔찍한 일들,463.0,7.72,https://www.youtube.com/watch?v=mlrN0fJ2Xyc,False,생활/돌봄
97,ZFFEh30z-w4,"고양이 털 관리, 고양이에겐 고문일지 모릅니다",449.0,7.48,https://www.youtube.com/watch?v=ZFFEh30z-w4,False,기타/엔터테인먼트
98,lwM7e2oKXM0,그것이 알고싶다 PD가 고양이를 키우면 벌어지는 일ㅣ고양식탁 도준우 PD 편,1051.0,17.52,https://www.youtube.com/watch?v=lwM7e2oKXM0,False,기타/엔터테인먼트
99,oXPi5gL478k,20분 순삭! 코숏을 키우고 있다면 꼭 알아야 할 충격적인 사실,1473.0,24.55,https://www.youtube.com/watch?v=oXPi5gL478k,False,기타/엔터테인먼트
100,9R_vH9rEfv4,좋은냥 나쁜냥 이상한냥,197.0,3.28,https://www.youtube.com/watch?v=9R_vH9rEfv4,False,기타/엔터테인먼트
101,NAMreYnvVrY,마중 나오는 유형으로 알아보는 고양이 속마음,351.0,5.85,https://www.youtube.com/watch?v=NAMreYnvVrY,False,기타/엔터테인먼트
102,QBJPVdhStNU,대문자T 수의사도 울린 고양이 영화 ‘플로우’ 리뷰,851.0,14.18,https://www.youtube.com/watch?v=QBJPVdhStNU,False,건강/진료
103,sm4wHTnYKKo,훈련이라고요? 솔직히 학대 맞습니다 ‘고양이 괴롭히는 최악의 제품’,458.0,7.63,https://www.youtube.com/watch?v=sm4wHTnYKKo,False,기타/엔터테인먼트
104,Ud_DwnaWh3s,습식은 사치라고? 후회할 날이 올 수도 있습니다,463.0,7.72,https://www.youtube.com/watch?v=Ud_DwnaWh3s,False,기타/엔터테인먼트
105,E6Elew3FObo,고양이가 건방진 이유,385.0,6.42,https://www.youtube.com/watch?v=E6Elew3FObo,False,기타/엔터테인먼트
106,NS3gXEIAemk,고양이는 만지는 걸 싫어한다? 집사 2천명이 답한 의외의 결과 | 미야옹서베이,644.0,10.73,https://www.youtube.com/watch?v=NS3gXEIAemk,False,생활/돌봄
107,KGJv3w3PvsM,챗GPT의 충격적인 고양이 행동분석 결과,475.0,7.92,https://www.youtube.com/watch?v=KGJv3w3PvsM,False,행동/감정
108,vHk_T9-Nhm0,아무리 졸라도 고양이 밥 시간을 정해야 하는 이유ㅣ집사메이커 lv.12,254.0,4.23,https://www.youtube.com/watch?v=vHk_T9-Nhm0,False,생활/돌봄
109,9VUSbaO9MGU,고양이랑 화해하는 법,442.0,7.37,https://www.youtube.com/watch?v=9VUSbaO9MGU,False,기타/엔터테인먼트
110,qLZfPKeCkMg,고양이 수명은 운명일까? 20년 이상 사는 장수냥의 비밀,384.0,6.4,https://www.youtube.com/watch?v=qLZfPKeCkMg,False,기타/엔터테인먼트
111,8xZxyHbhXpY,고양이는 집사의 이름과 호칭을 구별할 수 있을까?,305.0,5.08,https://www.youtube.com/watch?v=8xZxyHbhXpY,False,생활/돌봄
112,jayXEqGstSI,집사에게만 있고 고양이에게는 없는 감정,511.0,8.52,https://www.youtube.com/watch?v=jayXEqGstSI,False,생활/돌봄
113,2AnC2B8CJwg,하악질도 옮을 수 있나요?🙀하악질 전염설!,602.0,10.03,https://www.youtube.com/watch?v=2AnC2B8CJwg,False,기타/엔터테인먼트
114,cyOUZCNu7fU,고양이 둘이 싸웠습니다,314.0,5.23,https://www.youtube.com/watch?v=cyOUZCNu7fU,False,기타/엔터테인먼트
115,kIoTejUGyUo,고양이가 우다다를 하는 놀라운 이유,418.0,6.97,https://www.youtube.com/watch?v=kIoTejUGyUo,False,행동/감정
116,srryRDkUuGk,이렇게 하면 안놀수 없습니다 [고양이 사냥놀이 완전판],1238.0,20.63,https://www.youtube.com/watch?v=srryRDkUuGk,False,생활/돌봄
117,KVfFxPBqC1U,집사들이 대단히 착각하는 6가지,354.0,5.9,https://www.youtube.com/watch?v=KVfFxPBqC1U,False,생활/돌봄
118,if4J19pJUUU,"성우 VS 수의사, 누가 더 고양이 흉내를 잘 낼까?ㅣ고양식탁 쓰복만 편",1054.0,17.57,https://www.youtube.com/watch?v=if4J19pJUUU,False,건강/진료
119,zw4rUvs3FLs,수의사가 알려주는 정확한 ‘고양이 심폐소생술’,472.0,7.87,https://www.youtube.com/watch?v=zw4rUvs3FLs,False,건강/진료
120,zu7EJZUxIeY,이 나이 때 놓치면 안 되는 것이 있습니다🌾(냥생황금기),521.0,8.68,https://www.youtube.com/watch?v=zu7EJZUxIeY,False,기타/엔터테인먼트
121,x4m8hnK4mIw,악귀야 물러가라! 간헐적개냥이 환타콜라 퇴마 통역,558.0,9.3,https://www.youtube.com/watch?v=x4m8hnK4mIw,False,기타/엔터테인먼트
122,MEd8Z4Ji1vM,"수의사는 진짜 이럴까? 고양이 안정제에 대한 오해, 합사 기준 등 집사고민 총출동!",720.0,12.0,https://www.youtube.com/watch?v=MEd8Z4Ji1vM,False,행동/감정;건강/진료;생활/돌봄
123,rFRaI3lyRvE,고양이 쓰다듬다가 물리는 이유(핥다가 깨무는 이유),476.0,7.93,https://www.youtube.com/watch?v=rFRaI3lyRvE,False,기타/엔터테인먼트
124,tdWiZTc4ssk,수의사가 추천하는 고양이 교육🧑‍🏫,462.0,7.7,https://www.youtube.com/watch?v=tdWiZTc4ssk,False,건강/진료
125,me4GI50npSU,고양이는 계획이 다 있구나...고양이의 하루ㅣ집사메이커 lv.11,221.0,3.68,https://www.youtube.com/watch?v=me4GI50npSU,False,생활/돌봄
126,nVUIbn5B-yU,"[4K] 얼굴도 얼굴이지만, 얼굴도 얼굴인 고양이",455.0,7.58,https://www.youtube.com/watch?v=nVUIbn5B-yU,False,기타/엔터테인먼트
127,w1T1TmGdcbE,"고양이와 딱 한 마디만 할 수 있다면, 무슨 말을 하시겠습니까?(고양이 건강 체크리스트)",574.0,9.57,https://www.youtube.com/watch?v=w1T1TmGdcbE,False,건강/진료
128,8gm1NKpNVPk,이 고양이들이 인터넷을 터뜨린 이유🔥ㅣ밈야옹철의 짤밈분석,482.0,8.03,https://www.youtube.com/watch?v=8gm1NKpNVPk,False,기타/엔터테인먼트
129,iOAMHTZw0SM,"우리집 고양이, 나랑 대화하려고 목소리를 바꾼다고?",355.0,5.92,https://www.youtube.com/watch?v=iOAMHTZw0SM,False,생활/돌봄
130,c0ZqjVeVfvI,"나랑 살아서 행복한지 불행한지 궁금해요, 정답 알려드림",467.0,7.78,https://www.youtube.com/watch?v=c0ZqjVeVfvI,False,건강/진료
131,XH9gT8hFbs0,잘먹는 고양이는 볼 필요없는 영상 (입짧은 고양이 대처법),590.0,9.83,https://www.youtube.com/watch?v=XH9gT8hFbs0,False,기타/엔터테인먼트
132,tm1Wd7CHWBs,최악의 보호자에게 유기된 고양이가 보인 반응...역대급 고양이진료 1위들,412.0,6.87,https://www.youtube.com/watch?v=tm1Wd7CHWBs,False,건강/진료;생활/돌봄
133,G3OgUmv8Zmk,돈이 2배 이상 들어도 고양이 한 마리는 싫은 이유 | 미야옹서베이,637.0,10.62,https://www.youtube.com/watch?v=G3OgUmv8Zmk,False,기타/엔터테인먼트
134,9Uj3vU8J6XA,고양이 수염을 만지면 나타나는 신기한 반응,432.0,7.2,https://www.youtube.com/watch?v=9Uj3vU8J6XA,False,기타/엔터테인먼트
135,S8NvM3FHmdk,사랑둥이 털손주 덕배에게 전화가 왔다,531.0,8.85,https://www.youtube.com/watch?v=S8NvM3FHmdk,False,기타/엔터테인먼트
136,wF4mJ7FQspM,착한 그루밍과 나쁜 그루밍,431.0,7.18,https://www.youtube.com/watch?v=wF4mJ7FQspM,False,기타/엔터테인먼트
137,m_LfcrM3t-A,사냥놀이 학원이나 클래스가 있으면 수강하고 싶을 정도입니다 [실전편],663.0,11.05,https://www.youtube.com/watch?v=m_LfcrM3t-A,False,생활/돌봄
138,RyQdNeCbqY0,"고양이 산책해도 됩니다 단, 이 영상은 꼭 보세요!",636.0,10.6,https://www.youtube.com/watch?v=RyQdNeCbqY0,False,기타/엔터테인먼트
139,QjKXFOj51QQ,고양이가 나를 엄마로 생각할 때와 동료로 생각할 때의 결정적인 차이,525.0,8.75,https://www.youtube.com/watch?v=QjKXFOj51QQ,False,기타/엔터테인먼트
140,jUx5hhq4Acs,고양이 안 키워본 사람은 절대 모르는 것,671.0,11.18,https://www.youtube.com/watch?v=jUx5hhq4Acs,False,기타/엔터테인먼트
141,2lTRdIzL7so,물리기 전에 피하는 법ㅣ집사메이커 lv.10,267.0,4.45,https://www.youtube.com/watch?v=2lTRdIzL7so,False,생활/돌봄
142,uM4Y5yDM-IA,밤만 되면 우는 고양이🌘🌜,542.0,9.03,https://www.youtube.com/watch?v=uM4Y5yDM-IA,False,기타/엔터테인먼트
143,AlupTkiLCA0,나도 모르게 고양이를 불행하게 만드는 행동,479.0,7.98,https://www.youtube.com/watch?v=AlupTkiLCA0,False,행동/감정
144,Sssx7Jz_IHg,수의사가 알려주는 고양이 사냥놀이 [이론편],644.0,10.73,https://www.youtube.com/watch?v=Sssx7Jz_IHg,False,건강/진료;생활/돌봄
145,5ukjoDcSz7M,건강한 고양이는 아기 때 완성된다?(아깽이 얘기만 계속합니다),713.0,11.88,https://www.youtube.com/watch?v=5ukjoDcSz7M,False,건강/진료;브이로그/서사
146,PEXQCtSbONY,생강은 사오지 말고 오징어는 사오라는 고양이ㅣ밈야옹철의 짤밈분석,527.0,8.78,https://www.youtube.com/watch?v=PEXQCtSbONY,False,기타/엔터테인먼트
147,-G9Awy3tmeI,수의사들이 고양이 보호소에 가면 벌어지는 일🙀,609.0,10.15,https://www.youtube.com/watch?v=-G9Awy3tmeI,False,건강/진료
148,pEfhkIC2lkc,동물병원 싹쓸이하는 고양이 환자 유형ㄷㄷ..,700.0,11.67,https://www.youtube.com/watch?v=pEfhkIC2lkc,False,건강/진료
149,yZnHUjk-GWY,고양이 키우는 사람들의 소름돋는 공통점 | 미야옹서베이,610.0,10.17,https://www.youtube.com/watch?v=yZnHUjk-GWY,False,기타/엔터테인먼트
150,My6ybvVAiVk,지난 6년간 미야옹철의 냥냥펀치에게 보내주신 사랑…,605.0,10.08,https://www.youtube.com/watch?v=My6ybvVAiVk,False,기타/엔터테인먼트
151,mWjnUXRx-kk,"발톱깎기, 약 먹일 때 반드시 필요한 고양이 안는 법",419.0,6.98,https://www.youtube.com/watch?v=mWjnUXRx-kk,False,건강/진료
152,81j05uHEhoU,꾹꾹이로 사람 차별하는 고양이..왜 나한텐 안해주는데!!,737.0,12.28,https://www.youtube.com/watch?v=81j05uHEhoU,False,기타/엔터테인먼트
153,a6y6qwRwBAE,우리집 고양이는 나를 좋아할까?,364.0,6.07,https://www.youtube.com/watch?v=a6y6qwRwBAE,False,행동/감정;생활/돌봄
154,MeCl8PZHlrs,[4K] 공주핑 고양이 실존이잔아💓,407.0,6.78,https://www.youtube.com/watch?v=MeCl8PZHlrs,False,기타/엔터테인먼트
155,k0U5OBI7v8Q,고양이가 당신을 꼬시고 있다는 증거,436.0,7.27,https://www.youtube.com/watch?v=k0U5OBI7v8Q,False,기타/엔터테인먼트
156,vO-VSHKNX3A,말 안 해도 티나는 고양이 집사들의 특징,446.0,7.43,https://www.youtube.com/watch?v=vO-VSHKNX3A,False,생활/돌봄
157,DKoiTFVR2iI,"고양이가 물 때 대처, 이론만 빠삭하세요?",576.0,9.6,https://www.youtube.com/watch?v=DKoiTFVR2iI,False,기타/엔터테인먼트
158,dNVaIUeyqWM,"고양이 예방접종, 인터넷 믿지 마세요ㅣ집사메이커 lv.9",227.0,3.78,https://www.youtube.com/watch?v=dNVaIUeyqWM,False,건강/진료;생활/돌봄
159,CX2M4R6p4-E,화장실 망부석 고양이🚽,685.0,11.42,https://www.youtube.com/watch?v=CX2M4R6p4-E,False,생활/돌봄
160,yEHLHaI7eFE,[v-log] 감성에 미치고 고양이에 미친 아저씨의 파리 여행🇫🇷,415.0,6.92,https://www.youtube.com/watch?v=yEHLHaI7eFE,False,기타/엔터테인먼트
161,KKApQVZnFxU,(충격) 수의사 속터지는 릴스 고양이의 진실ㅣ밈야옹철의 짤밈분석,437.0,7.28,https://www.youtube.com/watch?v=KKApQVZnFxU,False,건강/진료
162,P3A5OetBpD8,고양이랑 사람이 이렇게 닮을 수 있나요?AI 아니죠?,466.0,7.77,https://www.youtube.com/watch?v=P3A5OetBpD8,False,기타/엔터테인먼트
163,c4oHWbd6LQw,고양이에게 무시 당하고 있다면ㅣ고양식탁 빵먹다살찐떡 편,861.0,14.35,https://www.youtube.com/watch?v=c4oHWbd6LQw,False,건강/진료
164,MwP8C9yhS9E,우리집 고양이는 바보일까? 고양이 지능 테스트🤓,544.0,9.07,https://www.youtube.com/watch?v=MwP8C9yhS9E,False,생활/돌봄
165,bDbVBbv41Yk,여기 다녀와서 애들 사료 싹 바꿨습니다,384.0,6.4,https://www.youtube.com/watch?v=bDbVBbv41Yk,False,생활/돌봄
166,oO38sHvNDrg,눈떠보니 집사가 수의사...? 묘생역전 길출신 고양이의 사연,494.0,8.23,https://www.youtube.com/watch?v=oO38sHvNDrg,False,건강/진료;생활/돌봄
167,T-1e59AM6jY,불행한 고양이는 '이렇게' 밥을 먹습니다 밥먹는 모습으로 보는 고양이의 건강,533.0,8.88,https://www.youtube.com/watch?v=T-1e59AM6jY,False,건강/진료
168,JIoxeDoe_og,수의사가 알려주는 고양이 이동장 교육ㅣ집사메이커 lv.8,221.0,3.68,https://www.youtube.com/watch?v=JIoxeDoe_og,False,건강/진료;생활/돌봄
169,tW0sbcqU_cs,고양이 키우는 사람은 강아지 싫어하나요?,377.0,6.28,https://www.youtube.com/watch?v=tW0sbcqU_cs,False,기타/엔터테인먼트
170,8wzqoO9IWf8,극악의 상황! 미야옹철의 선택은?,382.0,6.37,https://www.youtube.com/watch?v=8wzqoO9IWf8,False,기타/엔터테인먼트
171,9So8K_yMGi8,펠리세트를 아세요? 세계최초 고양이 우주비행사👩‍🚀,712.0,11.87,https://www.youtube.com/watch?v=9So8K_yMGi8,False,기타/엔터테인먼트
172,MClI6t8UQ3g,전세계 고양이에 도른자들을 프랑스로 불러들인 이유,464.0,7.73,https://www.youtube.com/watch?v=MClI6t8UQ3g,False,기타/엔터테인먼트
173,4XDK6azZANE,귀여운걸 보면 깨물어주고 싶고 화가 나는 과학적인 이유,318.0,5.3,https://www.youtube.com/watch?v=4XDK6azZANE,False,기타/엔터테인먼트
174,a1IfZd9IfUM,고양이 앞에서 옷 벗지 마세요👕,604.0,10.07,https://www.youtube.com/watch?v=a1IfZd9IfUM,False,생활/돌봄
175,yz-EaGvRS1Q,간택하는 고양이는 관상이 따로 있다? 고양이 관상가 미야옹철,502.0,8.37,https://www.youtube.com/watch?v=yz-EaGvRS1Q,False,기타/엔터테인먼트
176,uclIZXVZRpY,고양이들이 동물병원 제일 많이 가는 이 '질병',422.0,7.03,https://www.youtube.com/watch?v=uclIZXVZRpY,False,건강/진료
177,dD8B9kPWy10,고양이 발톱은 절대로 “이렇게” 자르시면 안됩니다ㅣ집사메이커 lv.7,222.0,3.7,https://www.youtube.com/watch?v=dD8B9kPWy10,False,건강/진료;생활/돌봄
178,_yx5k0KzbRk,목에 카메라를 달고 나간 고양이가 찍어온 충격적인 영상 공개! (feat.으으냥),734.0,12.23,https://www.youtube.com/watch?v=_yx5k0KzbRk,False,기타/엔터테인먼트
179,tHhMD_pMx3A,전세계 고양이들은 이 고양이를 본받아야 합니다,509.0,8.48,https://www.youtube.com/watch?v=tHhMD_pMx3A,False,기타/엔터테인먼트
180,70qXeM31MYc,기가 약하면 보지마세요! 수의사가 들려주는 고양이 괴담,592.0,9.87,https://www.youtube.com/watch?v=70qXeM31MYc,False,건강/진료
181,5cZWaO9Uetg,무지개다리 건넌 고양이에게 전하고 싶은 말ㅣ고양식탁 펀치넬로 편,1172.0,19.53,https://www.youtube.com/watch?v=5cZWaO9Uetg,False,기타/엔터테인먼트
182,6LxHOcvSsAI,고양이가 “이 행동”을 한다면 동물병원 가셔야 합니다,622.0,10.37,https://www.youtube.com/watch?v=6LxHOcvSsAI,False,행동/감정;건강/진료
183,5CiVhHxM3_4,"고양이의, 고양이에 의한, 고양이를 위한 미야옹철의 하루",440.0,7.33,https://www.youtube.com/watch?v=5CiVhHxM3_4,False,기타/엔터테인먼트
184,v9KFfxrceqQ,집에서 3초만에 고양이 비만 판단하는 법 (갈비뼈 만져보기 아님),589.0,9.82,https://www.youtube.com/watch?v=v9KFfxrceqQ,False,생활/돌봄
185,nOKOkOBaUS4,충격! 고양이가 자는 위치의 의미 | 미야옹서베이,517.0,8.62,https://www.youtube.com/watch?v=nOKOkOBaUS4,False,기타/엔터테인먼트
186,o9v-AgXqCis,이렇게 동그랗고 동그란ㅣ묘종백과 브리티시 숏헤어 편,573.0,9.55,https://www.youtube.com/watch?v=o9v-AgXqCis,False,품종/지식
187,jFIhAYGP0J8,내가 개냥이가 될 상인가? 고양이 관상소 드디어 오픈🥳,672.0,11.2,https://www.youtube.com/watch?v=jFIhAYGP0J8,False,기타/엔터테인먼트
188,gS9iF3Y4LOc,"고양이 집사 단골 질문, 수의사가 답해드립니다!",668.0,11.13,https://www.youtube.com/watch?v=gS9iF3Y4LOc,False,건강/진료;생활/돌봄
189,kR0TerIg3Yg,집사들이 의외로 모르는 “고양이 코”의 비밀 4가지,426.0,7.1,https://www.youtube.com/watch?v=kR0TerIg3Yg,False,생활/돌봄
190,l2bY4GyNgWQ,고양이 집사님! 🧹청소는 이렇게 하셔야 안전합니다🧹,447.0,7.45,https://www.youtube.com/watch?v=l2bY4GyNgWQ,False,생활/돌봄
191,FFHBkxHVGBk,"고양이는 집사의 ""이걸""  닮게 됩니다 (논문 ㅇ)",378.0,6.3,https://www.youtube.com/watch?v=FFHBkxHVGBk,False,생활/돌봄
192,0GHFLZ7OqrA,레전드 아깽이들의 비밀ㅣ밈야옹철의 짤밈분석,403.0,6.72,https://www.youtube.com/watch?v=0GHFLZ7OqrA,False,브이로그/서사
193,XgTbOIR4UJA,"SUB) 저는 고양이를 위해 ""이걸"" 매일할 수 있어요ㅣ미야옹철의 가정방문 스텔라장 편",808.0,13.47,https://www.youtube.com/watch?v=XgTbOIR4UJA,False,기타/엔터테인먼트
194,c2ev1lauTRs,sub) “세 번째 아빠”와 상황극 하는 첨지 춘봉이의 진실,641.0,10.68,https://www.youtube.com/watch?v=c2ev1lauTRs,False,기타/엔터테인먼트
195,iVACNj4vMbA,난생처음 보는 고양이 문제...수의사도 틀렸습니다❗️,455.0,7.58,https://www.youtube.com/watch?v=iVACNj4vMbA,False,건강/진료
196,NLrHrQl1G9o,이런 길고양이는 절대 냥줍 하지마세요 (냥줍에 대한 모든 것),369.0,6.15,https://www.youtube.com/watch?v=NLrHrQl1G9o,False,기타/엔터테인먼트
197,pU_AIbLO9C0,고양이 안 키우는 사람들의 솔직한 이야기 | 미야옹서베이,407.0,6.78,https://www.youtube.com/watch?v=pU_AIbLO9C0,False,브이로그/서사
198,mm5yvw6Thew,"고양이 입양 전, 반드시 알아야 할 것 총정리",908.0,15.13,https://www.youtube.com/watch?v=mm5yvw6Thew,False,기타/엔터테인먼트
199,l9SPCg4Zb4k,모르는 고양이 5마리가 계속 따라온 충격적인 이유,495.0,8.25,https://www.youtube.com/watch?v=l9SPCg4Zb4k,False,기타/엔터테인먼트
200,g6Lwv5_Sjo4,글로벌 사료 브랜드의 충격적인 비밀❗️,712.0,11.87,https://www.youtube.com/watch?v=g6Lwv5_Sjo4,False,생활/돌봄
201,VV-bv3tz3Cs,인데 고양이 없는 사람도 좋아하는 것,95.0,1.58,https://www.youtube.com/watch?v=VV-bv3tz3Cs,False,행동/감정
202,4bJlFhL3zRI,"수의사가 알려주는, 1초만에 고양이 기분 파악하는 법ㅣ집사메이커 lv.6",292.0,4.87,https://www.youtube.com/watch?v=4bJlFhL3zRI,False,건강/진료;생활/돌봄
203,v4NsrKS9iTk,고양이에게 이게 위험하다고? 총정리!,1442.0,24.03,https://www.youtube.com/watch?v=v4NsrKS9iTk,False,기타/엔터테인먼트
204,GyVtSkuedEE,고양이가 잘 때 제발 만지지 마세요(feat. 수의사),580.0,9.67,https://www.youtube.com/watch?v=GyVtSkuedEE,False,건강/진료
205,BsHpaJ1-yrI,국민 식물인 “이것” 고양이에게 위험하다고?,509.0,8.48,https://www.youtube.com/watch?v=BsHpaJ1-yrI,False,기타/엔터테인먼트
206,as6QgH7b_-I,SUB) 전국 고양이 집사들은 이 12살 소년을 본받아야 합니다ㅣ미야옹철의 가정방문 오레오래치즈 편,653.0,10.88,https://www.youtube.com/watch?v=as6QgH7b_-I,False,건강/진료;생활/돌봄
207,xRSpI_1Cs5Y,사람이 많이 걸리는 질병 중 “이것”은 고양이에게 전파됩니다,469.0,7.82,https://www.youtube.com/watch?v=xRSpI_1Cs5Y,False,건강/진료
208,3OIMNw-LhhQ,수의사가 인정하는 천재 고양이 3대장,441.0,7.35,https://www.youtube.com/watch?v=3OIMNw-LhhQ,False,건강/진료
209,TqQDriLJSWY,입양 직후 집사가 가장 많이 하는 실수ㅣ집사메이커 lv.5,208.0,3.47,https://www.youtube.com/watch?v=TqQDriLJSWY,False,생활/돌봄
210,2xBY7b0b_mM,한국에서 두번째로 많이 키우는 고양이ㅣ묘종백과 페르시안 편,679.0,11.32,https://www.youtube.com/watch?v=2xBY7b0b_mM,False,품종/지식
211,WtsDlTOBLUU,(충격!) 수의사한테 동물의 숲 시키지 마세요,838.0,13.97,https://www.youtube.com/watch?v=WtsDlTOBLUU,False,건강/진료
212,5B3olseTKu8,"집사는 몰랐던, 고양이가 싫어하는 의외의 소리 TOP 6",489.0,8.15,https://www.youtube.com/watch?v=5B3olseTKu8,False,생활/돌봄
213,3KYVMmwe-z4,"화장실, 사냥놀이, 사료 등 고양이와의 동거 전 알아야할 십계명ㅣ집사메이커 lv.4",225.0,3.75,https://www.youtube.com/watch?v=3KYVMmwe-z4,False,생활/돌봄
214,sJqhNVubRds,(광고x) 절대 후회하지 않을 개꿀잼 인생작 추천,406.0,6.77,https://www.youtube.com/watch?v=sJqhNVubRds,False,기타/엔터테인먼트
215,gFOHbXFldsk,"고양이 궁디팡팡, 제발 이렇게 하지 마세요 (feat.수의사)",435.0,7.25,https://www.youtube.com/watch?v=gFOHbXFldsk,False,건강/진료
216,tXUiRAUKFxU,수의사가 인정한 역대급 개냥이 3대장💖,557.0,9.28,https://www.youtube.com/watch?v=tXUiRAUKFxU,False,건강/진료
217,XC059alyEwY,고양이 수의사가 말하는 집사 필수템 & 꿀팁ㅣ집사메이커 lv.3,218.0,3.63,https://www.youtube.com/watch?v=XC059alyEwY,False,건강/진료;생활/돌봄
218,TlWlANP8u-k,고양이가 불행하다는 '진짜' 증거 7가지,597.0,9.95,https://www.youtube.com/watch?v=TlWlANP8u-k,False,기타/엔터테인먼트
219,LFKFqgZG9hc,19금💋 핫한 고양이 모음집ㅋㅋㅋㅋㅋ,497.0,8.28,https://www.youtube.com/watch?v=LFKFqgZG9hc,False,생활/돌봄
220,x6bHLkIlPDQ,미치도록 사랑스러운 관종ㅣ묘종백과 샴고양이 편,790.0,13.17,https://www.youtube.com/watch?v=x6bHLkIlPDQ,False,품종/지식
221,wszGtLqVftA,지금 당신이 먹는 그 과일 때문에 고양이가 죽을 수 있습니다,393.0,6.55,https://www.youtube.com/watch?v=wszGtLqVftA,False,기타/엔터테인먼트
222,YkYwJ9ww0-I,귀 안들리는 보호자를 위해 고양이가 선택한 방법ㅣ밈야옹철의 짤밈분석,402.0,6.7,https://www.youtube.com/watch?v=YkYwJ9ww0-I,False,생활/돌봄
223,fKjI9tsa8xc,나에겐 어떤 고양이가 딱 맞을까?ㅣ집사메이커 lv.2,196.0,3.27,https://www.youtube.com/watch?v=fKjI9tsa8xc,False,생활/돌봄
224,dWaInRL_Gas,집사야 손이 짜다,22.0,0.37,https://www.youtube.com/watch?v=dWaInRL_Gas,True,생활/돌봄
225,lStn8zvbJfY,(감동주의) 서로에게 구원이 되어준 냥줍 이야기ㅣ미야옹철의 가정방문 뚜리뚜바랑 편,684.0,11.4,https://www.youtube.com/watch?v=lStn8zvbJfY,False,브이로그/서사
226,ZywGfwc_F6M,고양이에게 사랑받고 싶다면 '이런 집사'가 되세요,691.0,11.52,https://www.youtube.com/watch?v=ZywGfwc_F6M,False,생활/돌봄
227,ls2_hbBwzNY,큰언니만 싫어하는 고양이의 진실…보름이 언어통역!,622.0,10.37,https://www.youtube.com/watch?v=ls2_hbBwzNY,False,기타/엔터테인먼트
228,GBBz9IlSrQk,'이거'에 해당되면 고양이 입양하지 마세요ㅣ집사메이커 lv.1,303.0,5.05,https://www.youtube.com/watch?v=GBBz9IlSrQk,False,생활/돌봄
229,5_LwQRahaYk,고양이가 나를 쳐다보는 이유 9가지👀,539.0,8.98,https://www.youtube.com/watch?v=5_LwQRahaYk,False,기타/엔터테인먼트
230,x5ftR9HnXPQ,고양이 있는 집은 크리스마스 이렇게 준비하세요🎄,483.0,8.05,https://www.youtube.com/watch?v=x5ftR9HnXPQ,False,생활/돌봄
231,mxd1UnI3000,인간에게 그루밍 당했을 때 고양이 반응 ㅋㅋㅋㅋㅋㅋ,379.0,6.32,https://www.youtube.com/watch?v=mxd1UnI3000,False,기타/엔터테인먼트
232,TTbPjXXmEgo,지금 당신 옆에 있는 그 음식 때문에 고양이가 죽을 수 있습니다,564.0,9.4,https://www.youtube.com/watch?v=TTbPjXXmEgo,False,생활/돌봄
233,tLggN9Dqbgk,대한민국에서 가장 많이 키우는 고양이는 이렇습니다ㅣ 묘종백과 코리안숏헤어 편,885.0,14.75,https://www.youtube.com/watch?v=tLggN9Dqbgk,False,품종/지식
234,vpLmppciGEA,고양이가 사료를 이렇게 먹으면 동물병원에 가보세요!,541.0,9.02,https://www.youtube.com/watch?v=vpLmppciGEA,False,건강/진료;생활/돌봄
235,-BWfTmxCRRc,김사모 트리🎄,91.0,1.52,https://www.youtube.com/watch?v=-BWfTmxCRRc,False,기타/엔터테인먼트
236,AZNNegsDLpE,빈대 잡다 고양이 잡은 후에 후회하지 말고 이 영상부터 보세요!,444.0,7.4,https://www.youtube.com/watch?v=AZNNegsDLpE,False,기타/엔터테인먼트
237,z886hW6vNnw,sub) 임보냥이 오면 첫째냥은 무조건 스트레스 받을까?ㅣ미야옹철의 가정방문 쫀떡이 편,745.0,12.42,https://www.youtube.com/watch?v=z886hW6vNnw,False,행동/감정
238,pISc-2fk7Zg,미로에 고양이 50마리가 살고 있다고❓직접 다녀왔습니다,424.0,7.07,https://www.youtube.com/watch?v=pISc-2fk7Zg,False,건강/진료
239,kuoM0BUiM_M,고양이가 죽기 전에 보이는 의외의 8가지 행동,800.0,13.33,https://www.youtube.com/watch?v=kuoM0BUiM_M,False,행동/감정
240,HvwQ88eFz-E,집사라면 공감 1000%!! 고양이 수의사의 명언이라는 것이 폭발한다 (in 제주펫페어),357.0,5.95,https://www.youtube.com/watch?v=HvwQ88eFz-E,False,건강/진료;생활/돌봄
241,MpMhDMeTw14,결혼 7년차 유부남에게 연애프로그램 섭외가 들어왔다,671.0,11.18,https://www.youtube.com/watch?v=MpMhDMeTw14,False,기타/엔터테인먼트
242,XyybPqgki3U,지금까지 속여서 죄송합니다.,163.0,2.72,https://www.youtube.com/watch?v=XyybPqgki3U,False,기타/엔터테인먼트
243,J77HSdzjvg8,배구 공놀이하는 천재 고양이 등장🫢,772.0,12.87,https://www.youtube.com/watch?v=J77HSdzjvg8,False,생활/돌봄
244,-EAxT_5RJWc,집에서 못받은 사랑 여기서 잔뜩 받고 왔습니다,518.0,8.63,https://www.youtube.com/watch?v=-EAxT_5RJWc,False,생활/돌봄
245,V5-GuQJgLZM,sub)🇰🇷한국 수의사 브이로그ㅣ템플스테이ㅣ고양이 합사 솔루션ㅣ절밥ㅣ스님과의 차담 (w.딤디님) 🐈,1141.0,19.02,https://www.youtube.com/watch?v=V5-GuQJgLZM,False,행동/감정;건강/진료;브이로그/서사
246,IBfxJ3iKGaI,sub)전세계 고양이에 도른자들 다 헤쳐모엿!,387.0,6.45,https://www.youtube.com/watch?v=IBfxJ3iKGaI,False,기타/엔터테인먼트
247,pjz4ycfF_zk,“이걸” 한다면 수속성 고양이 확정! (feat. 미야옹철 수의사),86.0,1.43,https://www.youtube.com/watch?v=pjz4ycfF_zk,False,건강/진료
248,KisGxxtIk6I,눈만 핥는 이상한 고양이 😂 😂,109.0,1.82,https://www.youtube.com/watch?v=KisGxxtIk6I,False,기타/엔터테인먼트
249,rfRKMu_SaBc,사나운 고양이를 개냥이로 만드는 가장 쉬운 방법 (feat. 수의사),886.0,14.77,https://www.youtube.com/watch?v=rfRKMu_SaBc,False,건강/진료
250,62_VdWgfjZA,"고양이 건강검진, 이렇게 하면 안됩니다. (고부해 피디님이 달라졌어요)",375.0,6.25,https://www.youtube.com/watch?v=62_VdWgfjZA,False,건강/진료
251,QL74SYYI8Qo,고양이도 집사에게 삐질까? (feat. 수의사),995.0,16.58,https://www.youtube.com/watch?v=QL74SYYI8Qo,False,건강/진료;생활/돌봄
252,Kn1yA1TFFg8,레이디의 숨겨왔던 비밀을 짜버리다💩고양이 항문낭의 모든것...🤎,441.0,7.35,https://www.youtube.com/watch?v=Kn1yA1TFFg8,False,기타/엔터테인먼트
253,pMUYSKL3PcE,고양이는 단맛 못느낀다는데 왜 이렇게 수박을 좋아할까🍉,878.0,14.63,https://www.youtube.com/watch?v=pMUYSKL3PcE,False,행동/감정
254,zqE_o46y8y0,혹시 코로나도 경력직 인정되나요? 미야옹철 재확진 격리 vlog,435.0,7.25,https://www.youtube.com/watch?v=zqE_o46y8y0,False,기타/엔터테인먼트
255,2FDhF-vMQDU,"""수의사인 집사""는 자기가 키우는 고양이에게 뭘 먹일까? 🍚",389.0,6.48,https://www.youtube.com/watch?v=2FDhF-vMQDU,False,건강/진료;생활/돌봄
256,i21IWzQULsw,이왜진? 수의사인생을 뒤흔든 역대급 천재 고양이들🙀,810.0,13.5,https://www.youtube.com/watch?v=i21IWzQULsw,False,건강/진료
257,F0M8ATOj3wI,더운 여름🥵 고양이 집사가 모르면 안 되는 내용 총 정리,503.0,8.38,https://www.youtube.com/watch?v=F0M8ATOj3wI,False,생활/돌봄
258,kGWI5uRe4N4,고양이가 화장실 앞에서 우는 진짜 이유 (feat. 수의사),314.0,5.23,https://www.youtube.com/watch?v=kGWI5uRe4N4,False,건강/진료;생활/돌봄
259,eN7SpQyeKwE,어딘가 조금씩 이상한 고양이 모음집 ㅋㅋㅋㅋㅋㅋ,870.0,14.5,https://www.youtube.com/watch?v=eN7SpQyeKwE,False,생활/돌봄
260,lGHzZKAwYwY,손에 물 안 묻히고 10분 만에 화장실 모래 청소하는 비법,375.0,6.25,https://www.youtube.com/watch?v=lGHzZKAwYwY,False,생활/돌봄
261,V_RqEOPEUIE,고양이는 배 속의 아기를 느끼고 임신했다는 사실을 알까?,809.0,13.48,https://www.youtube.com/watch?v=V_RqEOPEUIE,False,브이로그/서사
262,4OHMY5hDuRM,도대체 화장실 벽은 왜 긁는거야? 알고 싶은 고양이 마음😔,874.0,14.57,https://www.youtube.com/watch?v=4OHMY5hDuRM,False,생활/돌봄
263,BsdfUZK-Loo,애교쟁이 호섭처남이 침대 밑에서 안 나오게 된 사연은? 미야옹철의 솔루션 출동!,486.0,8.1,https://www.youtube.com/watch?v=BsdfUZK-Loo,False,기타/엔터테인먼트
264,WOQzrOuJm_A,고양이에게 미움받는 사람 특징,232.0,3.87,https://www.youtube.com/watch?v=WOQzrOuJm_A,False,기타/엔터테인먼트
265,MfWwvcA9H-A,수의사가 리뷰하는 장화신은 고양이: 끝내주는 모험! 😼(feat. 거머리 치료법 검증),635.0,10.58,https://www.youtube.com/watch?v=MfWwvcA9H-A,False,건강/진료
266,Da8YVWzZIK8,고양이를 왜 기르냐구요? 😼,751.0,12.52,https://www.youtube.com/watch?v=Da8YVWzZIK8,False,기타/엔터테인먼트
267,0uRCW3tIm8c,시원하고 행복한 여름 보내야지~🍉여름철 고양이가 잘 걸리는 질병 4가지와 예방법!,549.0,9.15,https://www.youtube.com/watch?v=0uRCW3tIm8c,False,건강/진료
268,olaimpqWS6s,고양이 이물섭취시 생사를 가르는 보호자의 행동 4가지!,610.0,10.17,https://www.youtube.com/watch?v=olaimpqWS6s,False,행동/감정;생활/돌봄
269,plwIBk50hbU,우울할 때 보는 초초초특급 개냥이💘,710.0,11.83,https://www.youtube.com/watch?v=plwIBk50hbU,False,기타/엔터테인먼트
270,NCkpqPSRzfQ,이렇게 적나라해도 될까..❓ 동물병원 진료실 뒷편에서 벌어지는 전과정 최초 공개합니다,792.0,13.2,https://www.youtube.com/watch?v=NCkpqPSRzfQ,False,건강/진료
271,yGGiHYJjjAc,이 중에 당신의 묘연이 있을지도 몰라요 입양을 기다리는 천사냥이들을 소개합니다! (feat.모래기부),526.0,8.77,https://www.youtube.com/watch?v=yGGiHYJjjAc,False,생활/돌봄
272,gHSHS_4mAPw,가자 새집으로,490.0,8.17,https://www.youtube.com/watch?v=gHSHS_4mAPw,False,생활/돌봄
273,mgt-Jd-_Xns,sub) 남매인가? 웬수인가? 세상 모든 다묘가정에게 바치는 달콤살벌 뚜리뚜바 통역!,897.0,14.95,https://www.youtube.com/watch?v=mgt-Jd-_Xns,False,건강/진료
274,Lx8x9-1HIeQ,"수의사냐고요? 면발불리기 아티스트예요 고소공포증 있는 고양이, 창문에 비둘기 부르는 집사썰!",723.0,12.05,https://www.youtube.com/watch?v=Lx8x9-1HIeQ,False,건강/진료;생활/돌봄
275,Bfz5fbd6Bb8,수의사가 군대를 가면 일어나는 충격적인 일😱,464.0,7.73,https://www.youtube.com/watch?v=Bfz5fbd6Bb8,False,건강/진료
276,EoPbSBBorEA,이게 바로 집사 널 사랑한다는 뜻이야! 아직도 모르겠니? 내 마음을🫶,819.0,13.65,https://www.youtube.com/watch?v=EoPbSBBorEA,False,생활/돌봄
277,EPSLovZu1qw,합사해버렸습니다 과연 사모님 애기씨의 반응은?,311.0,5.18,https://www.youtube.com/watch?v=EPSLovZu1qw,False,행동/감정;브이로그/서사
278,w-Tq5AIfGlQ,철벽 치는 고양이와 친해지는 유일한 방법 (feat. 수의사),711.0,11.85,https://www.youtube.com/watch?v=w-Tq5AIfGlQ,False,건강/진료
279,Tl2oC13DgK8,놀랍습니다! 돌덩이가 고양이 모래로 변하는 과정! 국내최초 블랜딩 모래 제작공정 full공개 🪨🔨(feat.갈취왕 미야옹철),557.0,9.28,https://www.youtube.com/watch?v=Tl2oC13DgK8,False,건강/진료;생활/돌봄
280,6hubGrQ48f4,고양이 키우면 이거 필수! 몰랐던 시절로 돌아갈 수 없는 집사 인생템을 소개합니다💎,481.0,8.02,https://www.youtube.com/watch?v=6hubGrQ48f4,False,생활/돌봄
281,80KXkYBn5V4,좀 쳐진 우리집 고양이.. 이래도 괜찮은걸까요? 🥺,880.0,14.67,https://www.youtube.com/watch?v=80KXkYBn5V4,False,생활/돌봄
282,JuBfBWSruCU,고양이 두고 외박할 땐 어떻게 해요? 수의사가 직접 보여드립니다,385.0,6.42,https://www.youtube.com/watch?v=JuBfBWSruCU,False,건강/진료
283,CcsOW6UXDdM,sub) 눈나! 전화 좀 받아바! 한국말하는 고양이 호섭이 통역,806.0,13.43,https://www.youtube.com/watch?v=CcsOW6UXDdM,False,기타/엔터테인먼트
284,rI3f8uh4iak,고양이 집사들이 나도 모르게 하고 있는 실수 12가지!!,905.0,15.08,https://www.youtube.com/watch?v=rI3f8uh4iak,False,생활/돌봄
285,Os1NR_RolsU,멀쩡하던 고양이가 갑자기! 김명철 수의사가 겪은 고양이 급사의 순간들..,848.0,14.13,https://www.youtube.com/watch?v=Os1NR_RolsU,False,건강/진료
286,nIN29SLfC6I,고양이가 꾹꾹이 하는데 🌶가…괜찮나요?,730.0,12.17,https://www.youtube.com/watch?v=nIN29SLfC6I,False,기타/엔터테인먼트
287,4CrwU09iu6w,셀프로 정수기 눌러서 물먹는 고양이 어떤데..,810.0,13.5,https://www.youtube.com/watch?v=4CrwU09iu6w,False,기타/엔터테인먼트
288,6yCJiYF1-Yk,고양이 프로그램 경력 n년이면 집사왕인가요? 응 아니죠~ 미야옹철의 고부해 피디집 긴급 현장점검,794.0,13.23,https://www.youtube.com/watch?v=6yCJiYF1-Yk,False,생활/돌봄
289,SEwqi35qUuE,대한민국 보호자가 파양을 결심하는 5가지 이유.. 반려동물 파양에 대한 이야기,673.0,11.22,https://www.youtube.com/watch?v=SEwqi35qUuE,False,생활/돌봄;브이로그/서사
290,ZEGLcPVhbe8,초면에 내 무릎을 차지한 고양이의 속마음은?,853.0,14.22,https://www.youtube.com/watch?v=ZEGLcPVhbe8,False,기타/엔터테인먼트
291,LkgJbpJfRE8,고양이가 물을 안먹는다구요? 그럼 이 영상을 보셔야합니다🚰🐱,501.0,8.35,https://www.youtube.com/watch?v=LkgJbpJfRE8,False,기타/엔터테인먼트
292,VPIGq6S2qQw,sub) 모두가 몰랐던 ‘스즈메의 문단속’고양이 다이진의 속마음과 설정! 제목부터 잘못되었다고..?! 🫢(feat.수의사 미야옹철),614.0,10.23,https://www.youtube.com/watch?v=VPIGq6S2qQw,False,건강/진료
293,Vf6zdxeyT4k,고양이들이 서로 싸운다면 ‘이것’ 때문입니다! 고양이 싸움 해결,666.0,11.1,https://www.youtube.com/watch?v=Vf6zdxeyT4k,False,기타/엔터테인먼트
294,Ytk-jS_Cg6k,고양이가 온몸으로 표현하는 '나 아파요'의 신호😿,882.0,14.7,https://www.youtube.com/watch?v=Ytk-jS_Cg6k,False,기타/엔터테인먼트
295,yNLd8iIM9NA,내돈내산 미야옹철수의사의 난이도별 먹이퍼즐 추천템 5가지🧩,646.0,10.77,https://www.youtube.com/watch?v=yNLd8iIM9NA,False,건강/진료;생활/돌봄
296,IeT0G-dHqdg,보호자가 신상을 좋아하면 고양이도 신상 집착묘가 된다고?🐱💍👑,789.0,13.15,https://www.youtube.com/watch?v=IeT0G-dHqdg,False,행동/감정;생활/돌봄
297,Nextk2RKA_4,sub) 물속으로 뛰어든 황당한 고양이 사건의 전말🌊막무가네 무지의 마음을 들어봅니다,737.0,12.28,https://www.youtube.com/watch?v=Nextk2RKA_4,False,기타/엔터테인먼트
298,rGYuX8g-L20,동네 일짱 먹던 고양이를 냥줍했습니다,787.0,13.12,https://www.youtube.com/watch?v=rGYuX8g-L20,False,기타/엔터테인먼트
299,m5aPS8SmNBw,집나간 고양이 찾는 응급지침🚨고양이 가출 필수시청!,820.0,13.67,https://www.youtube.com/watch?v=m5aPS8SmNBw,False,생활/돌봄
300,TbMrJkmBy70,"[v-log] 봄날, 고양이와 책, 빵지순례, 산책길, 완벽했던 미야옹철의 원픽 동네는?!",519.0,8.65,https://www.youtube.com/watch?v=TbMrJkmBy70,False,기타/엔터테인먼트
301,i2LD7RqgLj0,장인어른 이 정도면 돈내셔야 하는 거 아닌지요..?궁금증 다 털고 가셨습니다(난센스퀴즈有),500.0,8.33,https://www.youtube.com/watch?v=i2LD7RqgLj0,False,기타/엔터테인먼트
302,pSYr3PEhnY8,난생처음 고양이를 만나본 아이의 반응은? 👧🏻🐱,389.0,6.48,https://www.youtube.com/watch?v=pSYr3PEhnY8,False,기타/엔터테인먼트
303,czh1dOSUEuI,자동급식기 패는 고양이! 아 이런 사연이 😭,802.0,13.37,https://www.youtube.com/watch?v=czh1dOSUEuI,False,기타/엔터테인먼트
304,btS_B-x6R9g,고양이는 게맛을 알까?,550.0,9.17,https://www.youtube.com/watch?v=btS_B-x6R9g,False,기타/엔터테인먼트
305,BSta0cu9uhQ,내게서 나는 낯선 고양이의 냄새를 우리집 고양이는 알아차릴까?,763.0,12.72,https://www.youtube.com/watch?v=BSta0cu9uhQ,False,생활/돌봄
306,tr2iM4OFaNw,내가 유퀴즈를 안나간 이유...미야옹철 눈물의 기자회견(아님) 신변잡기 Q&A 3탄!,935.0,15.58,https://www.youtube.com/watch?v=tr2iM4OFaNw,False,건강/진료
307,PSepFVEiRDU,이런 구강구조는 난생처음 봅니다 어메이징한 고양이 모리스에 대한 요모조모 전격분석!,662.0,11.03,https://www.youtube.com/watch?v=PSepFVEiRDU,False,기타/엔터테인먼트
308,l1fHDQjXyx0,고양이 때문에 망한 나라가 있다? 수의사가 알려주는 대환장 핏빛찬란 고양이의 역사,717.0,11.95,https://www.youtube.com/watch?v=l1fHDQjXyx0,False,건강/진료
309,tWYgMpVkQWY,고양이판 슬램덩크🏀강백호 서태웅 송태섭은 누굴까?가상캐스팅 해보기(약스포),630.0,10.5,https://www.youtube.com/watch?v=tWYgMpVkQWY,False,기타/엔터테인먼트
310,TFgbjAxU_4w,(나이는 꺾여도) 중요한건 꺾이지 않는 마음이니까✌️고양이 나이대별 관리의 모든 것!,797.0,13.28,https://www.youtube.com/watch?v=TFgbjAxU_4w,False,기타/엔터테인먼트
311,acMcTMou1xM,"어디가서 말하기 남부끄러운 고양이의 은밀한 취미생활,,👃🏻👃🏻👃🏻",712.0,11.87,https://www.youtube.com/watch?v=acMcTMou1xM,False,기타/엔터테인먼트
312,6Gp4Z_BX5sU,장화신은 고양이 사실은 유기묘..?🥺고양이 전문 수의사의 솔직 리뷰! (스포주의),660.0,11.0,https://www.youtube.com/watch?v=6Gp4Z_BX5sU,False,건강/진료
313,NohhG-ObaYs,sub) 현실에선 동물병원 원장인 내가 이세계에선 인턴..? 15년차 수의사가 직접 해보는 닌텐도 동물병원 게임👾🎮,759.0,12.65,https://www.youtube.com/watch?v=NohhG-ObaYs,False,건강/진료
314,pH-_VrM2q4Y,인간과 고양이가 보는 세상은 어떻게 다를까?,676.0,11.27,https://www.youtube.com/watch?v=pH-_VrM2q4Y,False,기타/엔터테인먼트
315,jEkxITsyyzk,"맛있는거 먹고 눈물샘 터져 펑펑 우는 고양이,,, 혹시 엄마가 밥 안주니?",699.0,11.65,https://www.youtube.com/watch?v=jEkxITsyyzk,False,기타/엔터테인먼트
316,u1Ic6tYDXM4,호섭이 아버님의 유튜브 욕심...그래서 구독자 몇명을 원하신다고요?,673.0,11.22,https://www.youtube.com/watch?v=u1Ic6tYDXM4,False,기타/엔터테인먼트
317,BLa3vMHp9C0,뿜뿜 빠지는 고양이털! 사람 신장에 위험한거 아니에요? 키우기 무서워요!,595.0,9.92,https://www.youtube.com/watch?v=BLa3vMHp9C0,False,기타/엔터테인먼트
318,dMI7QW1dA8o,옆 집 고양이는 어디에서 데려왔을까? 흥미진진한 남의집 고양이들의 사정 2022년 고양이 어워드 완결편! 🐈🐈‍⬛,504.0,8.4,https://www.youtube.com/watch?v=dMI7QW1dA8o,False,생활/돌봄
319,cqHfTJWUF0w,가장 많은 고양이 이름 2위는 레오! 과연 대망의 1위는? 2022년 고양이 빅데이터 완벽 정리 | 미야옹서베이,390.0,6.5,https://www.youtube.com/watch?v=cqHfTJWUF0w,False,기타/엔터테인먼트
320,-k9bd9xCXdQ,수의사 선생님! 개와 고양이는 영원한 원수지간 인가요?! 😭,727.0,12.12,https://www.youtube.com/watch?v=-k9bd9xCXdQ,False,건강/진료
321,vW0DyBraVxs,sub) 고양이가 집사를 사랑한다고 말하는 애정표현 9가지💕,660.0,11.0,https://www.youtube.com/watch?v=vW0DyBraVxs,False,생활/돌봄
322,TYTS6iNoSqo,혼나면 구석에 박혀서 벽만 긁는 고양이...너무 소심해요,743.0,12.38,https://www.youtube.com/watch?v=TYTS6iNoSqo,False,기타/엔터테인먼트
323,pq8TNlKHb8A,이 눈물이 악어의 눈물?🐊 고양이는 왜 눈물을 흘릴까?,572.0,9.53,https://www.youtube.com/watch?v=pq8TNlKHb8A,False,기타/엔터테인먼트
324,2lUSNmlISQg,sub) 태어나서 처음 강아지를 본 수의사네 고양이들의 반응은? 🐶vs🐱,483.0,8.05,https://www.youtube.com/watch?v=2lUSNmlISQg,False,건강/진료
325,H-_mj6o3YFk,[고양이 v-log] 포근포근💭털뚠뚠이들의 겨울(순 고양이 위주 영상),645.0,10.75,https://www.youtube.com/watch?v=H-_mj6o3YFk,False,기타/엔터테인먼트
326,nn1-BR1feEg,개미는 오늘도(뚠뚠) 출근한다네~(이벤트있음😎),508.0,8.47,https://www.youtube.com/watch?v=nn1-BR1feEg,False,브이로그/서사
327,Xhu1ZZ2hYHk,고양이에게 꾹꾹이 받는 가장 쉬운 방법 (feat. 수의사),698.0,11.63,https://www.youtube.com/watch?v=Xhu1ZZ2hYHk,False,건강/진료
328,2kBaA4jDQ8s,충격! 두 발로 걷는 고양이! 이게 맞나요?,740.0,12.33,https://www.youtube.com/watch?v=2kBaA4jDQ8s,False,기타/엔터테인먼트
329,2xh_R7RjzfU,사실 여러분 고양이도 화장실 가기를 힘들어하고 있을지 몰라요!,771.0,12.85,https://www.youtube.com/watch?v=2xh_R7RjzfU,False,생활/돌봄
330,uu7pT4yChEE,아기고양이가 이렇게 “위협적”으로 하악질하는 이유😨,651.0,10.85,https://www.youtube.com/watch?v=uu7pT4yChEE,False,브이로그/서사
331,5YJWRcM0FFQ,"sub) 고양이 얼굴만 봐도 성별 구분 완전 가능!! 암컷 수컷 놀라운 차이점(수명,성격, 질병 등)",696.0,11.6,https://www.youtube.com/watch?v=5YJWRcM0FFQ,False,행동/감정;건강/진료
332,7t7AWUtscDE,그때 이것만 있었더라면…고양이랑 이사하기 진짜_최종_final.mp4,546.0,9.1,https://www.youtube.com/watch?v=7t7AWUtscDE,False,기타/엔터테인먼트
333,-LCPTxJj--8,고양이는 자기가 귀여운걸 알까? Feat.수의사,419.0,6.98,https://www.youtube.com/watch?v=-LCPTxJj--8,False,건강/진료
334,8JxE9lZG3og,재즈가 뭐라고 생각하세요?,204.0,3.4,https://www.youtube.com/watch?v=8JxE9lZG3og,False,기타/엔터테인먼트
335,Abse5M4ws-4,sub) 수의사가 경배하는 천사 고양이 3대장,711.0,11.85,https://www.youtube.com/watch?v=Abse5M4ws-4,False,건강/진료
336,E9pDidAfj4k,약에 취해 싸우는 우리 고양이들 어떡하죠?,890.0,14.83,https://www.youtube.com/watch?v=E9pDidAfj4k,False,행동/감정
337,9cg0nONseWU,네 발톱을 훔쳐가요(훔쳐가요)(훔쳐가요)…고양이 발톱 쉽게 깎는 꿀팁대방출,279.0,4.65,https://www.youtube.com/watch?v=9cg0nONseWU,False,건강/진료
338,H1RK9KAkioc,고양이들은 달라집니다 야생고양이 순화의 완전판! 배은망덕고양이들 채널통역,815.0,13.58,https://www.youtube.com/watch?v=H1RK9KAkioc,False,생활/돌봄
339,p2jy1tSEc-E,"고양이가 '이 행동'을 하지않는다면 당신, 반가운 존재는 아니군요😮‍💨",680.0,11.33,https://www.youtube.com/watch?v=p2jy1tSEc-E,False,행동/감정
340,dOoKRBkvpWw,[v-log] 이 세상 고양이 잔뜩 만나고 온 힐링여행🐈,373.0,6.22,https://www.youtube.com/watch?v=dOoKRBkvpWw,False,기타/엔터테인먼트
341,TR5gaQj0D1Y,sub) 15년차 수의사 미야옹철이 만난 최고의 보호자 best5! 인류애 풀충전💯💓,789.0,13.15,https://www.youtube.com/watch?v=TR5gaQj0D1Y,False,건강/진료;생활/돌봄
342,6AQPXl4iQGg,고양이들이 각양각색으로 위협적입니다. 아주 무서워 죽겠습니다.,678.0,11.3,https://www.youtube.com/watch?v=6AQPXl4iQGg,False,기타/엔터테인먼트
343,Er3imlMA1JY,내 어깨를 봐 아무도 없잖아😿고양이 만나 인생역전한 이야기를 본 수의사의 반응?,630.0,10.5,https://www.youtube.com/watch?v=Er3imlMA1JY,False,건강/진료;브이로그/서사
344,JAeqboRuM7c,착한 고양이 성격을 사납게도 만들수 있나요?😾,718.0,11.97,https://www.youtube.com/watch?v=JAeqboRuM7c,False,행동/감정
345,RrvRkuWWksw,안 쓰는 고양이 기구 사용하게 하는 가장 쉬운 방법 (feat. 수의사),872.0,14.53,https://www.youtube.com/watch?v=RrvRkuWWksw,False,건강/진료
346,fw87QS_0Fls,호섭처남! 이번 여름 어떻게 지냈어?,382.0,6.37,https://www.youtube.com/watch?v=fw87QS_0Fls,False,기타/엔터테인먼트
347,ElD2AlWSIgA,행복한 추석🌝을 위한 고양이 명절백서📖,635.0,10.58,https://www.youtube.com/watch?v=ElD2AlWSIgA,False,기타/엔터테인먼트
348,mTDL_QQqN4o,sub) 이건 그린라이트일까요?🥦🍀🍏🥝스트릿출신 오들이와 친해지길 바라! 김메주와 고양이들 채널통역!,735.0,12.25,https://www.youtube.com/watch?v=mTDL_QQqN4o,False,기타/엔터테인먼트
349,BfK0Ov7H1HI,고양이에게 물렸을 때 하면 절대 안되는 행동들!,557.0,9.28,https://www.youtube.com/watch?v=BfK0Ov7H1HI,False,행동/감정
350,DC2b1bh5fC4,[미공개영상] 사모님의 앙증맞은 아깽이 모습! 외동딸이었던 과거 대공개!,370.0,6.17,https://www.youtube.com/watch?v=DC2b1bh5fC4,False,브이로그/서사
351,VwZuyKJ6jx4,흠…이 채널은 말이죠…편집자가 말하는 미야옹철의 문제점!!!(🥕🥕),481.0,8.02,https://www.youtube.com/watch?v=VwZuyKJ6jx4,False,생활/돌봄
352,FC7D8FGdgIA,물고 빨고 핥고💋냅다 키스 갈기는 고양이! 집사입술 괜찮아? 우리 질투는 괜찮고?,607.0,10.12,https://www.youtube.com/watch?v=FC7D8FGdgIA,False,생활/돌봄
353,E-3007I-9Yc,고양이가 “이 행동”을 한다면 싫다는 뜻입니다. (feat. 수의사),483.0,8.05,https://www.youtube.com/watch?v=E-3007I-9Yc,False,행동/감정;건강/진료
354,JkKeLDCmIKc,고양이와 이상한 변호사 우영우의 행동이 닮았다? 이들의 공통점 5가지🤚,496.0,8.27,https://www.youtube.com/watch?v=JkKeLDCmIKc,False,행동/감정;건강/진료
355,ODVMlz_tvXw,[미공개영상] 길고양이 출신 애기씨의 귀여워도 너~무 귀여운 어린시절 풉니다,244.0,4.07,https://www.youtube.com/watch?v=ODVMlz_tvXw,False,기타/엔터테인먼트
356,D99l3famO4g,그래서 수의사네 고양이는 무슨 사료를 먹고 있을까?,785.0,13.08,https://www.youtube.com/watch?v=D99l3famO4g,False,건강/진료;생활/돌봄
357,cKYpHjXrPEY,😼고양이 관상분석!,718.0,11.97,https://www.youtube.com/watch?v=cKYpHjXrPEY,False,기타/엔터테인먼트
358,qCQcCDOzq5c,아깽이들의 꼬리 3연펑💥💥💥하찮은 민들레 홀씨들에게 대체 무슨 일이?,683.0,11.38,https://www.youtube.com/watch?v=qCQcCDOzq5c,False,기타/엔터테인먼트
359,QaxxKRlGvmU,"sub) 부모님이 교사여도 사고치는 애, 그게 우리집이에요😫고양이 건강검진 다녀온 날🏥",710.0,11.83,https://www.youtube.com/watch?v=QaxxKRlGvmU,False,건강/진료;생활/돌봄
360,R0hh1Dtkg94,sub) 김명철 수의사가 겪은 충격과 공포의 고양이 진료 썰!😱다시는 고양이에게 까불지 않겠습니다,726.0,12.1,https://www.youtube.com/watch?v=R0hh1Dtkg94,False,건강/진료
361,c-yTx9J_F7M,묘생이 괴롭다? 고양이가 고통받는 5가지 이유!,596.0,9.93,https://www.youtube.com/watch?v=c-yTx9J_F7M,False,기타/엔터테인먼트
362,TBzx70DMfZk,"다 찍어놓고 방송불가된 썰, 전 스태프 식겁한 고양이등 고부해 비하인드! 이제는 말할 수 있다",669.0,11.15,https://www.youtube.com/watch?v=TBzx70DMfZk,False,기타/엔터테인먼트
363,J3_Evbl9GQo,"sub) 서로 채우며 살아가는 곳, 한국의 고양이섬 쑥섬에 다녀왔어요!🌴",548.0,9.13,https://www.youtube.com/watch?v=J3_Evbl9GQo,False,건강/진료
364,P9JJlUBHmiw,계속 울어대는 고양이 때문에 너무 힘듭니다😿 목청은 또 왜이렇게 큰가요?,729.0,12.15,https://www.youtube.com/watch?v=P9JJlUBHmiw,False,기타/엔터테인먼트
365,mu9SRvbyWeg,고양이도 비가 오면 감성이 촉촉해질까? 창가를 보는 뒷모습이 쓸쓸해☔️,668.0,11.13,https://www.youtube.com/watch?v=mu9SRvbyWeg,False,기타/엔터테인먼트
366,iHmFeioS9mU,여태까지 고양이 빗질 잘못했다고? 수의사가 알려주는 고양이 빗질의 정석! 🎀,492.0,8.2,https://www.youtube.com/watch?v=iHmFeioS9mU,False,건강/진료
367,WtsJAkm6oos,"짝의 ‘남자 5호’였던 수의사, 아내와 함께 과거 연애프로그램 출연분 다시보기!",498.0,8.3,https://www.youtube.com/watch?v=WtsJAkm6oos,False,건강/진료
368,1ycVL6XY5vY,행복한 뚱냥이는 없다! 고양이를 비만으로 만드는 확실한 방법 5가지 🐽,550.0,9.17,https://www.youtube.com/watch?v=1ycVL6XY5vY,False,기타/엔터테인먼트
369,YvGW8RjsTeI,고양이 4마리가 사는 10평대 집🏠호화궁궐로 만들어줄 캣테리어의 마법💫,725.0,12.08,https://www.youtube.com/watch?v=YvGW8RjsTeI,False,생활/돌봄
370,4yjFxKSe1RE,"우리집 고양이, 병원에 쉽게 데려가는 법! 👨‍⚕️수의사가 알려드립니다.",701.0,11.68,https://www.youtube.com/watch?v=4yjFxKSe1RE,False,건강/진료;생활/돌봄
371,Uik_gVjeRtY,"사람 아이와 고양이, 함께 살면 안된다고? 🤔",487.0,8.12,https://www.youtube.com/watch?v=Uik_gVjeRtY,False,건강/진료
372,lC09opL-ps8,팬아트를 받았는데요...미야옹철 팬....맞죠?,553.0,9.22,https://www.youtube.com/watch?v=lC09opL-ps8,False,기타/엔터테인먼트
373,UYyff0zxNwY,sub) 한편의 휴먼&의학 드라마였어…😿 윤그린님의 길고양이 모네 구조일지 통역!,787.0,13.12,https://www.youtube.com/watch?v=UYyff0zxNwY,False,기타/엔터테인먼트
374,m0Oel8uFMHs,고양이만 두고 여행가는 집사가 꼭 지켜야할 것🧳,501.0,8.35,https://www.youtube.com/watch?v=m0Oel8uFMHs,False,생활/돌봄
375,9r3oLBAbf8o,미안하지만 거절한다!! 고양이 집사에게 주고도 욕먹는 선물 List🎁,484.0,8.07,https://www.youtube.com/watch?v=9r3oLBAbf8o,False,생활/돌봄
376,6RkUUUfq0rs,30만 구독자 눈에 건배🍷 Q&A 미야옹철 고양이설 해명합니다,372.0,6.2,https://www.youtube.com/watch?v=6RkUUUfq0rs,False,기타/엔터테인먼트
377,aeJLVKkgE7c,"언젠가 한 번은 먹일날이온다!💊가루약, 알약, 캡슐약 난이도별 고양이 약먹이기 완전판!",394.0,6.57,https://www.youtube.com/watch?v=aeJLVKkgE7c,False,생활/돌봄
378,nK7Uj8IiJzk,이거 정말 고양이가 내는 소리 맞나요...?,736.0,12.27,https://www.youtube.com/watch?v=nK7Uj8IiJzk,False,기타/엔터테인먼트
379,i4ixAFjnAF0,토끼야? 강아쥐야??...괜찮겠어? 난 안귀여운 법을 모르는 고양인데,658.0,10.97,https://www.youtube.com/watch?v=i4ixAFjnAF0,False,기타/엔터테인먼트
380,nYcwmTvXGYA,세상에서 가장 오래 산 고양이는 몇 살?! 고양이 기네스북 미야옹철이 털어봅니다,540.0,9.0,https://www.youtube.com/watch?v=nYcwmTvXGYA,False,건강/진료
381,WvEgI4uFfh0,핥더니 갑자기 앙 물어버리는 고양이의 속마음,599.0,9.98,https://www.youtube.com/watch?v=WvEgI4uFfh0,False,기타/엔터테인먼트
382,mtALv4-M6gQ,고양이 집사들 성격 도대체 왜이래?🤷‍♀️,483.0,8.05,https://www.youtube.com/watch?v=mtALv4-M6gQ,False,행동/감정;생활/돌봄
383,5fpuEnkNHWE,새우 중의 새우🦐 킹블랙타이거 먹고 고양이가 난리났어요!,511.0,8.52,https://www.youtube.com/watch?v=5fpuEnkNHWE,False,기타/엔터테인먼트
384,4lgr3fu0_SU,sub) 고양이 이름 절대 이렇게 짓지 마세요!! 😱,428.0,7.13,https://www.youtube.com/watch?v=4lgr3fu0_SU,False,기타/엔터테인먼트
385,Hdc44_ew4Lo,기분좋은거...맞지??? 이해하기 힘든 고양이의 신기한 표정 5가지!,534.0,8.9,https://www.youtube.com/watch?v=Hdc44_ew4Lo,False,기타/엔터테인먼트
386,wim476J1X2s,동대문 원룸에 유기된 고양이들 근황! 큰고양이랑 봉사활동 다녀왔어요!,649.0,10.82,https://www.youtube.com/watch?v=wim476J1X2s,False,기타/엔터테인먼트
387,bX-bI0DqxxU,충격! 🤯 이 고양이는 엉덩이와 혀가 연결되어있습니다,689.0,11.48,https://www.youtube.com/watch?v=bX-bI0DqxxU,False,기타/엔터테인먼트
388,0_O3IOzNnqk,비둘기랑 맞짱뜬 썰 푼다,183.0,3.05,https://www.youtube.com/watch?v=0_O3IOzNnqk,False,기타/엔터테인먼트
389,MXimRcIh0CA,수의사가 절대 안 사는 고양이 제품들 5가지! 믿고 거르세요✋,649.0,10.82,https://www.youtube.com/watch?v=MXimRcIh0CA,False,건강/진료
390,DOhoWe2rnzY,"갑자기 목덜미를 물어버리는 고양이, 쌍방과실 몇 %일까? 고양이 블랙박스판결 김명철 TV",841.0,14.02,https://www.youtube.com/watch?v=DOhoWe2rnzY,False,기타/엔터테인먼트
391,hvF2MFzx0Vw,"🔥두 수의사가 붙었다! 영원한 난제, 강아지냐 고양이냐🐶🐱",448.0,7.47,https://www.youtube.com/watch?v=hvF2MFzx0Vw,False,건강/진료
392,BaV2YBeu9BE,다른집은 고양이 키우는데 한달에 얼마나 쓸까?💰통계로 보는 고양이 육아법 | 미야옹서베이,695.0,11.58,https://www.youtube.com/watch?v=BaV2YBeu9BE,False,생활/돌봄
393,HXVUT4iHRwI,코로나 걸리면 원룸에 혼자있는 고양이는 누가 챙기지?,724.0,12.07,https://www.youtube.com/watch?v=HXVUT4iHRwI,False,기타/엔터테인먼트
394,8BDy_5RSuHM,이거 안 보고 동물병원 가면 후회합니다! 병원가기 전 준비할 것,577.0,9.62,https://www.youtube.com/watch?v=8BDy_5RSuHM,False,건강/진료
395,W0rAZmGKXGw,수의사 미야옹철네 고양이 사모님 애기씨 큐앤에이라옹~! tmi 대방출 한다냥😻,536.0,8.93,https://www.youtube.com/watch?v=W0rAZmGKXGw,False,건강/진료;브이로그/서사
396,jzPqM6GBy70,sub) 의도치 않은 또 한번의 v-log 이번엔 자가격리를 곁들인…,403.0,6.72,https://www.youtube.com/watch?v=jzPqM6GBy70,False,기타/엔터테인먼트
397,E2TnU97ouP8,[v-log] 휴일이 더 바쁜거 같은 수의사 집사의 하루🌧,1254.0,20.9,https://www.youtube.com/watch?v=E2TnU97ouP8,False,건강/진료;생활/돌봄
398,2Vsx7vYWkV4,sub) 누군가 고양이서열에 대해 묻는다면 고갤들어 똥괭이네를 보라,685.0,11.42,https://www.youtube.com/watch?v=2Vsx7vYWkV4,False,건강/진료
399,m21i5k0xDFw,흐물흐물 주르륵 고양이가 늘어나는 이유! 고양이 액체설💦,398.0,6.63,https://www.youtube.com/watch?v=m21i5k0xDFw,False,기타/엔터테인먼트
400,8QCqYER9tXQ,잠시 집을 떠나야하는데...그동안 고양이는 저를 잊겠죠?,625.0,10.42,https://www.youtube.com/watch?v=8QCqYER9tXQ,False,생활/돌봄
401,BkliyCkvp3k,"나가려고 하면 문앞을 막는 고양이, 날 너무 사랑하나봐🤔",818.0,13.63,https://www.youtube.com/watch?v=BkliyCkvp3k,False,기타/엔터테인먼트
402,bh4Szf4c-kc,입양을 고민하는 초보집사가 반드시 알아야 할 고양이 십계명,652.0,10.87,https://www.youtube.com/watch?v=bh4Szf4c-kc,False,생활/돌봄
403,NoYSS_HOTVQ,sub) 애니를 의학 다큐로 받는 수의사가 있다? 톰과 제리 리뷰!,603.0,10.05,https://www.youtube.com/watch?v=NoYSS_HOTVQ,False,건강/진료
404,RcYk5wQAQ7w,지금껏 몰랐던 고양이가 상자를 좋아하는 과학적 이유 4가지📦,375.0,6.25,https://www.youtube.com/watch?v=RcYk5wQAQ7w,False,행동/감정
405,ZXigM6KAYN0,sub) 장인어른 돈으로 대신 쇼핑해봤습니다 FLEX~💸,409.0,6.82,https://www.youtube.com/watch?v=ZXigM6KAYN0,False,기타/엔터테인먼트
406,T0put3S0D8w,고양이 수제간식으로 파인다이닝 차리기,732.0,12.2,https://www.youtube.com/watch?v=T0put3S0D8w,False,생활/돌봄
407,Y-6dvs7e71M,문열어달라고 울어대서 열어주면 쌩까요 고양이가 절 놀리는 건가요?,772.0,12.87,https://www.youtube.com/watch?v=Y-6dvs7e71M,False,기타/엔터테인먼트
408,Vx42cs-7clg,큰일났어요! 고양이가 이상한 나라로 떨어져요! 착시매트 실험🙀,235.0,3.92,https://www.youtube.com/watch?v=Vx42cs-7clg,False,기타/엔터테인먼트
409,tARGtlcSMFg,"고양이 엉덩이 닦아주는 삶, 이대로 괜찮은가?",643.0,10.72,https://www.youtube.com/watch?v=tARGtlcSMFg,False,기타/엔터테인먼트
410,bCeAq9a5TDg,sub) 고양이가 집사를 핥는 이유 4가지! 🤪👅,509.0,8.48,https://www.youtube.com/watch?v=bCeAq9a5TDg,False,생활/돌봄
411,jGgprxJT42A,sub) 고양이가 집사에게 사랑받지 못한다고 느끼는 5가지 순간들,606.0,10.1,https://www.youtube.com/watch?v=jGgprxJT42A,False,생활/돌봄
412,otW6JTpo5l4,sub) 고양이는 진짜 보은을 하나요? 행동전문가 미야옹철의 고양이 애니리뷰(결말포함),537.0,8.95,https://www.youtube.com/watch?v=otW6JTpo5l4,False,행동/감정
413,vaNes3RBdNc,v-log) 북촌에서 김치찜 먹고 고양이 전시회 다녀왔어요|북촌도담🥘|블루보틀☕️|고양이투어🐱,425.0,7.08,https://www.youtube.com/watch?v=vaNes3RBdNc,False,기타/엔터테인먼트
414,tQRyjZr550g,나이가 몇갠데 아직 엄마젖을 빠는 고양이가 있다? 세상에 이런일이,706.0,11.77,https://www.youtube.com/watch?v=tQRyjZr550g,False,기타/엔터테인먼트
415,nH2cx8wtl8s,sub) 영원히 '22마리'일 똥괭이네 할배에게서 온 편지📭,848.0,14.13,https://www.youtube.com/watch?v=nH2cx8wtl8s,False,건강/진료
416,SeVUpv9Tg9g,"150마리 고양이 “진짜” 골골송 모음🎧 (고양이를 위한 진정, 힐링, 수면 음악)",1730.0,28.83,https://www.youtube.com/watch?v=SeVUpv9Tg9g,False,기타/엔터테인먼트
417,6xcZnQErHAE,sub) 잠 자는 자세를 보면 우리집 고양이의 기분과 상태를 알수있다?😴💤,580.0,9.67,https://www.youtube.com/watch?v=6xcZnQErHAE,False,생활/돌봄
418,5dlpnki9PNA,단돈 0원 먹이퍼즐 DIY🧸 김명철 선생님의 만들어볼까요?,579.0,9.65,https://www.youtube.com/watch?v=5dlpnki9PNA,False,생활/돌봄
419,VQ-oLZ_viwE,양볼에 도토리 15개쯤 넣은거 같은 우리 고양이 정상인가요?,705.0,11.75,https://www.youtube.com/watch?v=VQ-oLZ_viwE,False,기타/엔터테인먼트
420,C1dsnD5nMto,고양이 털색과 성격은 정말 상관있는걸까? | 미야옹서베이,724.0,12.07,https://www.youtube.com/watch?v=C1dsnD5nMto,False,행동/감정
421,0WMxEla5NBs,이런 제가 감히 고양님을 키워도 될까요...?🥺 고없파의 순수한 질문! 집사의 자격은 뭘까?,678.0,11.3,https://www.youtube.com/watch?v=0WMxEla5NBs,False,생활/돌봄
422,lKycfeLhVSs,그렇게 됐다. 고양이가 핥아서 탈모 되기로.,677.0,11.28,https://www.youtube.com/watch?v=lKycfeLhVSs,False,기타/엔터테인먼트
423,TAeQmjV4zYg,sub) 사랑이 참 지독하다.....고양이 입냄새의 원인 6가지!,497.0,8.28,https://www.youtube.com/watch?v=TAeQmjV4zYg,False,기타/엔터테인먼트
424,iNVTu-d0d3w,하루를 만드는 습관🌤️갓생사는 고양이의 모닝루틴😼,462.0,7.7,https://www.youtube.com/watch?v=iNVTu-d0d3w,False,기타/엔터테인먼트
425,t4itUbShqY8,내탓이오 내가 만들었소...고양이 분리불안 만드는 집사의 5가지 습관,658.0,10.97,https://www.youtube.com/watch?v=t4itUbShqY8,False,생활/돌봄
426,TWgfpH6u5u4,보일러면 될 줄 알았는데 🥶 고양이와 건강한 겨울나기 꿀팁 5 가지!,632.0,10.53,https://www.youtube.com/watch?v=TWgfpH6u5u4,False,건강/진료
427,yEySNnjekHc,sub) 😼이리오너라~고양이와 함께 사는 수의사네 집 룸투어,675.0,11.25,https://www.youtube.com/watch?v=yEySNnjekHc,False,건강/진료;생활/돌봄
428,ySt-m5UdtE0,고없파 대표로 고양이집 찾아가봤습니다,443.0,7.38,https://www.youtube.com/watch?v=ySt-m5UdtE0,False,생활/돌봄
429,scycspFJw58,역시…곤란한가요? 고양이에게 『삐약』소리를 들으면?,813.0,13.55,https://www.youtube.com/watch?v=scycspFJw58,False,기타/엔터테인먼트
430,m0yFhVdNXsE,sub) [v-log] 수의사네 고양이랑 이사하는 날😼🚛,529.0,8.82,https://www.youtube.com/watch?v=m0yFhVdNXsE,False,건강/진료
431,XYw3n0Q7YDU,고양이와 함께하는 이사의 모든것! 미야옹철 이삿짐센터는 편-안하다🚚,408.0,6.8,https://www.youtube.com/watch?v=XYw3n0Q7YDU,False,기타/엔터테인먼트
432,1xB0UStptSc,이 영역은 누가 차지할지…게임에 참여하시겠습니까?,199.0,3.32,https://www.youtube.com/watch?v=1xB0UStptSc,False,기타/엔터테인먼트
433,-HlO9W1X0yM,생존의 달인 명철그릴스와 고양이 비상가방 싸기🎒,453.0,7.55,https://www.youtube.com/watch?v=-HlO9W1X0yM,False,기타/엔터테인먼트
434,s9TsWdJdJyM,sub) 배고픔? 오히려 좋아! 내밥은 내가 찾는 먹보 쫀떡이의 언어통역!,778.0,12.97,https://www.youtube.com/watch?v=s9TsWdJdJyM,False,행동/감정
435,CwBJUFAblGg,원치 않았는데 이 힘을…나는 왜이렇게 강해진거야? 그건 면역력💪,612.0,10.2,https://www.youtube.com/watch?v=CwBJUFAblGg,False,기타/엔터테인먼트
436,eajYxZ1mmIY,"이 시국 나와 꼭 붙어있어야 했던 고양이의 솔찍헌 심정 고백,,,",544.0,9.07,https://www.youtube.com/watch?v=eajYxZ1mmIY,False,기타/엔터테인먼트
437,bnO8QEkgoa8,"늦게 들어온 날만 이불에 똥싸는 고양이, 절 맥이는걸까요?",660.0,11.0,https://www.youtube.com/watch?v=bnO8QEkgoa8,False,건강/진료
438,O_1_lE2H2dc,고양이끼리 영상통화를 시켜봤다 그 반응은?,298.0,4.97,https://www.youtube.com/watch?v=O_1_lE2H2dc,False,기타/엔터테인먼트
439,6DKW7moijOg,바람맞는걸 즐기는 고양이가 있다?,811.0,13.52,https://www.youtube.com/watch?v=6DKW7moijOg,False,기타/엔터테인먼트
440,uJtli1Zb-D0,병원 가야하는 고양이 응급상황 8가지🚨우리집 고양이 이런모습 보이면 바로 병원으로 들고 튀세요!!,540.0,9.0,https://www.youtube.com/watch?v=uJtli1Zb-D0,False,건강/진료;생활/돌봄
441,kQjX0ozll4o,sub) 고양이의 하트를 노려라🏹💕고양이가 좋아하는 것 12가지💘,839.0,13.98,https://www.youtube.com/watch?v=kQjX0ozll4o,False,행동/감정
442,N3yxrBCLiLo,sub) 김명철 수의사가 본 가장 무서운 '고양이 품종별 고양이 유전병' 5가지,872.0,14.53,https://www.youtube.com/watch?v=N3yxrBCLiLo,False,건강/진료;품종/지식
443,1dcW6VFX4L8,택배도 마음대로 못 시키나요…고양이들이 고나리를 합니다,298.0,4.97,https://www.youtube.com/watch?v=1dcW6VFX4L8,False,기타/엔터테인먼트
444,LC91Q111XPo,눈썹문신 하고 고양이가 절 못 알아보는 거 같아요ㅠㅠㅠㅠㅠ,809.0,13.48,https://www.youtube.com/watch?v=LC91Q111XPo,False,기타/엔터테인먼트
445,a9yWOm2uOio,sub) [v-log] 동물병원에서 벌어지는 일! 수의사의 하루는 어떻게 흘러갈까?,449.0,7.48,https://www.youtube.com/watch?v=a9yWOm2uOio,False,건강/진료
446,064U3vi0fh0,고양이가 이 냄새를 너무 좋아합니다 잡으러 갈 파티원 구함(1/n),705.0,11.75,https://www.youtube.com/watch?v=064U3vi0fh0,False,행동/감정
447,1krSKLmtSQk,sub) 이것 때문에 동물병원에 왔다고? 김명철 수의사가 찐으로 당황했던 진료 Top 5,672.0,11.2,https://www.youtube.com/watch?v=1krSKLmtSQk,False,건강/진료
448,yqLla5LbpH8,sub) 사랑인가? 증오인가? 애정과 비명이 난무하는 아리랑은고양이 채널 통역!,744.0,12.4,https://www.youtube.com/watch?v=yqLla5LbpH8,False,기타/엔터테인먼트
449,A0fggYnKlDU,호섭처남은 혼자 있고 싶지 않았다,217.0,3.62,https://www.youtube.com/watch?v=A0fggYnKlDU,False,기타/엔터테인먼트
450,HYfbB2xdU4w,고양이의 시간은 4배 더 빨리간다...노령묘의 모든 것,853.0,14.22,https://www.youtube.com/watch?v=HYfbB2xdU4w,False,기타/엔터테인먼트
451,3RTGXya0-hk,"그많은 고양이 티셔츠, 어디서 샀을까? 미야옹철 수의사 '고양이 룩북'",494.0,8.23,https://www.youtube.com/watch?v=3RTGXya0-hk,False,건강/진료
452,swslJsdATSs,고양이도 꿈을 꿀까?🌛,711.0,11.85,https://www.youtube.com/watch?v=swslJsdATSs,False,기타/엔터테인먼트
453,rbonA-Qiab8,그것은 바로 고양이 헤어볼🧶,521.0,8.68,https://www.youtube.com/watch?v=rbonA-Qiab8,False,기타/엔터테인먼트
454,HftCZ-QvdNU,수의사집 간식 다 털렸죠? 라이브 도중 급습한 왕도둑 애기씨,809.0,13.48,https://www.youtube.com/watch?v=HftCZ-QvdNU,False,건강/진료;생활/돌봄
455,95jF6EgewBo,☠️고양이조심❗️고부해 '100세 할머니의 수호천사 지웅이' 비하인드,313.0,5.22,https://www.youtube.com/watch?v=95jF6EgewBo,False,기타/엔터테인먼트
456,H2KLIta6LMY,슉슉슈슉.슉.슉. 고양이 스트레스 없애기 슉.슈슉,613.0,10.22,https://www.youtube.com/watch?v=H2KLIta6LMY,False,행동/감정
457,3-ubCq3q_B0,sub)너네 대체 왜그래? 고양이가 싸우는 이유 6가지!,625.0,10.42,https://www.youtube.com/watch?v=3-ubCq3q_B0,False,행동/감정
458,alrJvCGEyzU,sub) 내 고양이가 행복하다는 증거 7가지,482.0,8.03,https://www.youtube.com/watch?v=alrJvCGEyzU,False,기타/엔터테인먼트
459,1s3q2lIJxo0,sub) 새끼고양이 쪼꾸미의 절박한 구조신호😿 매탈남 채널 통역 2탄,854.0,14.23,https://www.youtube.com/watch?v=1s3q2lIJxo0,False,기타/엔터테인먼트
460,B-_hdHkPRbE,강 스파이크 날리는 고양이🔥,97.0,1.62,https://www.youtube.com/watch?v=B-_hdHkPRbE,False,기타/엔터테인먼트
461,785X6h96NJ4,"[Q&A] 돌아온 미야옹철수의사 큐앤에이! 휴모님과 러브스토리, 애기씨 수술일정 등 TMI대방출🎬",749.0,12.48,https://www.youtube.com/watch?v=785X6h96NJ4,False,건강/진료
462,SCy6EsfT_qE,sub) 고양이 혼자 두고 집사는 몇박 며칠까지 외박 가능할까?🏡,454.0,7.57,https://www.youtube.com/watch?v=SCy6EsfT_qE,False,생활/돌봄
463,PTiER8kF8UU,고양이 안약 넣기 이걸로 종결합니다,418.0,6.97,https://www.youtube.com/watch?v=PTiER8kF8UU,False,기타/엔터테인먼트
464,YQhrieKaF8Y,3일만에 엄마 만난 고양이의 반응❤️ (귀여움 주의),295.0,4.92,https://www.youtube.com/watch?v=YQhrieKaF8Y,False,기타/엔터테인먼트
465,y_6zwTxnbag,"화장실 모래, 고양이가 먹으면...😨",621.0,10.35,https://www.youtube.com/watch?v=y_6zwTxnbag,False,생활/돌봄
466,g1OigtJvQ1Y,화장실까지 따라와서 말 거는 수다쟁이 고양이의 진실,562.0,9.37,https://www.youtube.com/watch?v=g1OigtJvQ1Y,False,생활/돌봄
467,N91OFTj3Lbs,단돈 0원으로 사냥놀이 효과 100배 높여주는 냥꿀템 5가지🎣,443.0,7.38,https://www.youtube.com/watch?v=N91OFTj3Lbs,False,생활/돌봄
468,SO-SHL6PlRM,"물고 울고 꾹꾹이...고양이 애착인형, 그냥 둬도 되나요?",619.0,10.32,https://www.youtube.com/watch?v=SO-SHL6PlRM,False,기타/엔터테인먼트
469,rt1rCmdWPHc,sub)모험을 떠난 연님이로부터 온 연락! 하하하 채널 통역 3탄,871.0,14.52,https://www.youtube.com/watch?v=rt1rCmdWPHc,False,기타/엔터테인먼트
470,HP83BDtj1rc,"젤리 꼬순내, 그런데 암내를 곁들인...고양이 젤리의 모든 것!",483.0,8.05,https://www.youtube.com/watch?v=HP83BDtj1rc,False,기타/엔터테인먼트
471,k8ndEXTKHTk,sub) 고양이가 좋아하는 스킨십과 싫어하는 스킨십 3가지🤟,577.0,9.62,https://www.youtube.com/watch?v=k8ndEXTKHTk,False,행동/감정
472,VUbIyW8aPY8,💩싸는거 구경하면 고양이는 부끄러울까?,553.0,9.22,https://www.youtube.com/watch?v=VUbIyW8aPY8,False,기타/엔터테인먼트
473,LS1hRavbnmY,벽짚기 챌린지🤜 고양이 지능 테스트라는데...진짤까?,483.0,8.05,https://www.youtube.com/watch?v=LS1hRavbnmY,False,기타/엔터테인먼트
474,YW3D6AXWi68,호섭처남은 혼자 있고 싶다,254.0,4.23,https://www.youtube.com/watch?v=YW3D6AXWi68,False,기타/엔터테인먼트
475,Rt9M2kBuXa0,사모님 애기씨 뒤를 잇는 구조냥 묘생역전 이야기가 있다?,432.0,7.2,https://www.youtube.com/watch?v=Rt9M2kBuXa0,False,브이로그/서사
476,JPPhY1HGcsk,"매일 치고박고 싸우는 고양이들, 그래서 너네 대체 무슨 사인데",490.0,8.17,https://www.youtube.com/watch?v=JPPhY1HGcsk,False,행동/감정
477,nxxH3pfr0W0,sub) 나예요 전설의 파이프 구조 고양이….'매탈남' 채널 누리 이야기!,741.0,12.35,https://www.youtube.com/watch?v=nxxH3pfr0W0,False,브이로그/서사
478,fH9PK0QOW2A,고양이에게 정말 위험한 가전 4가지⚡️,499.0,8.32,https://www.youtube.com/watch?v=fH9PK0QOW2A,False,기타/엔터테인먼트
479,pdGmfEErm1I,"완치도 어려운데, 너무나 흔한 고양이 특발성 방광염! 늦기 전에 보세요!",562.0,9.37,https://www.youtube.com/watch?v=pdGmfEErm1I,False,기타/엔터테인먼트
480,kBVhaTlRBF4,매일 츄르랑 간식먹는데 걱정이에요 나트륨에 대한 진실!,546.0,9.1,https://www.youtube.com/watch?v=kBVhaTlRBF4,False,생활/돌봄
481,Oye476ChS-Y,sub) 이번엔 뚱땅이에게 전화가 왔다! haha ha채널 고양이 언어해석 2탄,779.0,12.98,https://www.youtube.com/watch?v=Oye476ChS-Y,False,기타/엔터테인먼트
482,77KsQyTdLB0,sub) 고양이가 사람을 밟고 다니는 4가지 이유🦶,456.0,7.6,https://www.youtube.com/watch?v=77KsQyTdLB0,False,기타/엔터테인먼트
483,p2sNwNR3aJw,고양이들에게 ASMR을 해달라고 했습니다,232.0,3.87,https://www.youtube.com/watch?v=p2sNwNR3aJw,False,기타/엔터테인먼트
484,CbwkfLC4lK0,"고양이 앞니, 이 쪼매난거 역할이 뭘까?",369.0,6.15,https://www.youtube.com/watch?v=CbwkfLC4lK0,False,기타/엔터테인먼트
485,tCJ-hQriWbU,sub) 이얏호응! 의사양반 전화좀 받아보쇼! haha ha님네 야통이 울음소리 전격분석,545.0,9.08,https://www.youtube.com/watch?v=tCJ-hQriWbU,False,기타/엔터테인먼트
486,WoeFqVDQ_dM,궁디팡팡이 방광염과 퇴행성관절염을 부른다? 티비 중독냥?? 제보영상 같이 봐요!,601.0,10.02,https://www.youtube.com/watch?v=WoeFqVDQ_dM,False,기타/엔터테인먼트
487,EtPuqTVF3RI,김명철 수의사가 태국 동물병원에서 만난 기상천외 특이동물들!,363.0,6.05,https://www.youtube.com/watch?v=EtPuqTVF3RI,False,건강/진료
488,s8afzzcp0SM,고양이가 불행하다고 외치는 5가지 시그널🚨,556.0,9.27,https://www.youtube.com/watch?v=s8afzzcp0SM,False,기타/엔터테인먼트
489,t2SzurOdD8w,난생 처음 꽃게🦀를 본 고양이의 반응,413.0,6.88,https://www.youtube.com/watch?v=t2SzurOdD8w,False,기타/엔터테인먼트
490,ITW4MJ6Md48,"sub) XX하는 우리 고양이, 아프다는 뜻? 고양이가 아플때 보이는 행동 8가지!",643.0,10.72,https://www.youtube.com/watch?v=ITW4MJ6Md48,False,행동/감정
491,dhbCdbHZlkw,사람이나 고양이나 지긋지긋한 변비...유쾌 상쾌 통쾌 해결법!! 💩,591.0,9.85,https://www.youtube.com/watch?v=dhbCdbHZlkw,False,건강/진료
492,krDBApQoxqk,고양이랑 사는 치명적 단점 4가지☠️ 이래서 고양이 키우기 싫다니까요...?,332.0,5.53,https://www.youtube.com/watch?v=krDBApQoxqk,False,기타/엔터테인먼트
493,l1lWBKz25qQ,나 대신 단톡방에 카톡 보내는 고양이 어떡하죠?,369.0,6.15,https://www.youtube.com/watch?v=l1lWBKz25qQ,False,기타/엔터테인먼트
494,AAYWLc2JzsM,너무들 하시네요....난이도최상 미야옹철 밸런스게임,350.0,5.83,https://www.youtube.com/watch?v=AAYWLc2JzsM,False,기타/엔터테인먼트
495,N3vfrwVVdDo,"고양이 손녀는 처음인 할머니, 그 반응은?",244.0,4.07,https://www.youtube.com/watch?v=N3vfrwVVdDo,False,기타/엔터테인먼트
496,5xR_ukfaNgY,"김명철수의사네 고양이, 건강검진 다녀왔어요🏥 동물병원 v-log",766.0,12.77,https://www.youtube.com/watch?v=5xR_ukfaNgY,False,건강/진료
497,Ew7-cC3HqQ4,수의사가 알려주는 고양이들이 먼저 다가오는 '고양이 양치' 비법,314.0,5.23,https://www.youtube.com/watch?v=Ew7-cC3HqQ4,False,건강/진료
498,TC3QNY1YIBo,내 얼굴에 방구뀌는 고양이...저도 맞방구로 받아쳐야할까요?💨,491.0,8.18,https://www.youtube.com/watch?v=TC3QNY1YIBo,False,기타/엔터테인먼트
499,cLDSzug9qEQ,도와주세요 길고양이가 따라옵니다,541.0,9.02,https://www.youtube.com/watch?v=cLDSzug9qEQ,False,기타/엔터테인먼트
500,_YxY-iyMEpo,구독자 57만 펫시터 고용했습니다,463.0,7.72,https://www.youtube.com/watch?v=_YxY-iyMEpo,False,기타/엔터테인먼트
501,UmjAFNqr7oU,찐집사 김명철 수의사가 추천하는 내돈내산 고양이 꿀템 베스트3,502.0,8.37,https://www.youtube.com/watch?v=UmjAFNqr7oU,False,건강/진료;생활/돌봄
502,z467kOZhNKI,sub) 이러면 바로 손절각👋 고양이가 싫어하는 유형 3가지,568.0,9.47,https://www.youtube.com/watch?v=z467kOZhNKI,False,기타/엔터테인먼트
503,Go_mCXoXv4M,don't go냄새 그거슨...👃🏻😨,16.0,0.27,https://www.youtube.com/watch?v=Go_mCXoXv4M,True,기타/엔터테인먼트
504,j5laSmpto-k,김명철 수의사는 평소 가방에 뭘 넣고 다닐까?,401.0,6.68,https://www.youtube.com/watch?v=j5laSmpto-k,False,건강/진료
505,hJBTKvEcA2o,고양이는 이 맛까지 느낀다구요....? 맛잘알 고양이 미각에 대한 모든 것!,447.0,7.45,https://www.youtube.com/watch?v=hJBTKvEcA2o,False,기타/엔터테인먼트
506,t9pXaiUqUoM,[v-log] 수의사 집사는 고양이랑 집에서 하루종일 뭘 할까?🏡🐈,1014.0,16.9,https://www.youtube.com/watch?v=t9pXaiUqUoM,False,건강/진료;생활/돌봄
507,mgMW7qloX5c,고양이는 집사를 뭐라고 생각할까? 엄마? 대장냥이? 설마...노예....?,507.0,8.45,https://www.youtube.com/watch?v=mgMW7qloX5c,False,생활/돌봄
508,ROTDW72z1fI,고양이 13개월이면 13kg은 나가야되는거 아니냐구요....? 살찐고양이처남 호섭!🐱🐷🐽,421.0,7.02,https://www.youtube.com/watch?v=ROTDW72z1fI,False,건강/진료
509,a_ZlkWKK6Qw,고양이는 임산부에게 안 좋다? 만연한 고양이에 관한 오해와 편견들! 비켜!,591.0,9.85,https://www.youtube.com/watch?v=a_ZlkWKK6Qw,False,기타/엔터테인먼트
510,m6cgLDvpeGI,"문 닫으면 우는 고양이, 코가 하얀데 빈혈일까? 쌀은 왜 먹는거야?? 고양이 궁금증 대백과🐱👨‍🎓",512.0,8.53,https://www.youtube.com/watch?v=m6cgLDvpeGI,False,품종/지식
511,-hMNSQYAsDo,고양이의 “이것” 보고 식겁해서 병원으로 달려오지 않으셔도 됩니다!,483.0,8.05,https://www.youtube.com/watch?v=-hMNSQYAsDo,False,건강/진료
512,DgkhEajlEAs,sub)이것만 보면 당신도 고양이 울음소리 자격증 1급,590.0,9.83,https://www.youtube.com/watch?v=DgkhEajlEAs,False,기타/엔터테인먼트
513,dxeju99-qas,고양이판 쀼의 세계!! 한날한시에 태어난 새끼고양이들..얘들아 사실 너희 아빠가.......🙀,337.0,5.62,https://www.youtube.com/watch?v=dxeju99-qas,False,기타/엔터테인먼트
514,qVvVpm0JABU,고양이는 왜 이럴까❓[Q&A]...와 고양이 식탁교육,648.0,10.8,https://www.youtube.com/watch?v=qVvVpm0JABU,False,기타/엔터테인먼트
515,wQ7WRFijgeA,"낭만적이네요 이 수염, 자세, 꼬리...로 알아보는 고양이 기분",565.0,9.42,https://www.youtube.com/watch?v=wQ7WRFijgeA,False,기타/엔터테인먼트
516,mEbrthHb9Hc,우리집 고양이 노는걸까 싸우는걸까⁉️ 김명철 수의사가 싹 다 구분해드립니다,586.0,9.77,https://www.youtube.com/watch?v=mEbrthHb9Hc,False,행동/감정;건강/진료;생활/돌봄
517,h2ARqBvv1Bk,본격 김명철 수의사가 고양이 집사들 성격 궁예하는 영상🧐,363.0,6.05,https://www.youtube.com/watch?v=h2ARqBvv1Bk,False,행동/감정;건강/진료;생활/돌봄
518,-G56q5KbWBw,당구 치는 천재 고양이가 있다고요?,361.0,6.02,https://www.youtube.com/watch?v=-G56q5KbWBw,False,기타/엔터테인먼트
519,864yk8pG9zw,우리집 고양이 왜 이럴까⁉️ [Q&A],494.0,8.23,https://www.youtube.com/watch?v=864yk8pG9zw,False,생활/돌봄
520,SZ9GPIGKL24,김명철 수의사 大분노🔥 '고양이 학대 오픈채팅방'사건,326.0,5.43,https://www.youtube.com/watch?v=SZ9GPIGKL24,False,건강/진료
521,cAHoCX7g3aY,김명철 수의사와 아기고양이의 특급만남👓👶🏻🐱,392.0,6.53,https://www.youtube.com/watch?v=cAHoCX7g3aY,False,건강/진료;브이로그/서사
522,DJ9Kv_GrS58,당신이 고양이에게 물리는 이유 3가지🩸✋,481.0,8.02,https://www.youtube.com/watch?v=DJ9Kv_GrS58,False,기타/엔터테인먼트
523,IzQjDEdM9yc,고양이한테 귤 줘도 되나요?🍊,163.0,2.72,https://www.youtube.com/watch?v=IzQjDEdM9yc,False,기타/엔터테인먼트
524,bgAY_Wikbkg,고양이 하루에 몇 끼 먹는 게 좋을까?,435.0,7.25,https://www.youtube.com/watch?v=bgAY_Wikbkg,False,기타/엔터테인먼트
525,2TniX1Rk9SY,고양이 소변테러..나한테 복수하는 걸까?🤔,552.0,9.2,https://www.youtube.com/watch?v=2TniX1Rk9SY,False,건강/진료
526,vBKE9DkKaag,고양이 구토에 대한 모든 것🐱🤮,490.0,8.17,https://www.youtube.com/watch?v=vBKE9DkKaag,False,건강/진료
527,QatzWCdKydM,"고양이 집사들에게 특화된 무선 청소기, 김명철 수의사가 직접 써봤습니다!! (feat.LG전자)",378.0,6.3,https://www.youtube.com/watch?v=QatzWCdKydM,False,건강/진료;생활/돌봄
528,qZFvbe8g4x0,우리집 고양이 이런것도 먹는다?! 기상천외 요지경 고양이 이물 댓글 같이 털어보기👋🏻,504.0,8.4,https://www.youtube.com/watch?v=qZFvbe8g4x0,False,생활/돌봄
529,4b5bySLYxjU,sub) 수의사들이 두려워하는 '고양이 3대장',603.0,10.05,https://www.youtube.com/watch?v=4b5bySLYxjU,False,건강/진료
530,hONtiyPRKXc,고양이는 대체 왜 이럴까❓❗️,305.0,5.08,https://www.youtube.com/watch?v=hONtiyPRKXc,False,기타/엔터테인먼트
531,uYAth6nzxtE,김명철수의사 이 시국에 고양이카페 오픈?!☕️,304.0,5.07,https://www.youtube.com/watch?v=uYAth6nzxtE,False,건강/진료
532,7j57sz7DB2k,김명철 수의사가 당황한 고양이가 먹은 이물 5가지🥶 [고양이 이식증],547.0,9.12,https://www.youtube.com/watch?v=7j57sz7DB2k,False,건강/진료
533,UZtD7157Jxo,"신(新)호섭뎐, 호섭이 아깽이 시절 전부 털었습니다",176.0,2.93,https://www.youtube.com/watch?v=UZtD7157Jxo,False,기타/엔터테인먼트
534,C4UnYDZqyXg,판관 미야옹철이 고양이 '놀이 VS 싸움' 즉결심판 해드립니다,501.0,8.35,https://www.youtube.com/watch?v=C4UnYDZqyXg,False,생활/돌봄
535,rLozzlt5yy4,다시 찾아주시길 기다렸습니다 아리랑네 큰고양이와 Live 비하인드!,323.0,5.38,https://www.youtube.com/watch?v=rLozzlt5yy4,False,기타/엔터테인먼트
536,2P_2PwDzMG8,sub) 김명철 수의사가 절대로 사지 않는 고양이 제품 5가지,484.0,8.07,https://www.youtube.com/watch?v=2P_2PwDzMG8,False,건강/진료
537,8vF7JrIQdP0,고양이와 함께하는 아침 명상의 시간🧘🏻‍♂️🐈,249.0,4.15,https://www.youtube.com/watch?v=8vF7JrIQdP0,False,기타/엔터테인먼트
538,fF4CqUt3X0c,마음이 지치셨나요? 그럴 때 찾아보는 고양이 노는 영상입니다 🐱🐱,247.0,4.12,https://www.youtube.com/watch?v=fF4CqUt3X0c,False,기타/엔터테인먼트
539,Oghnszm0Yuc,이런 사람은 절대 수의사 하지 마세요!!,225.0,3.75,https://www.youtube.com/watch?v=Oghnszm0Yuc,False,건강/진료
540,f67ip0tJGhI,"격기3반 고양이들, 이거 싸우는 걸까? 노는 걸까?🥊",510.0,8.5,https://www.youtube.com/watch?v=f67ip0tJGhI,False,행동/감정
541,7sQMFZ2mEN8,고양이에게 메추리알을 주면 생기는 일(쿠키있음🍪),293.0,4.88,https://www.youtube.com/watch?v=7sQMFZ2mEN8,False,기타/엔터테인먼트
542,LZQcWM7GZmM,고양이 앞에 놓인 쥐가 되어보자 roleplay,134.0,2.23,https://www.youtube.com/watch?v=LZQcWM7GZmM,False,기타/엔터테인먼트
543,e7TJ2xxpkrE,sub) 미야옹철 수의사가 찐으로 겪은 최악의 고양이 보호자 Top 5,621.0,10.35,https://www.youtube.com/watch?v=e7TJ2xxpkrE,False,건강/진료;생활/돌봄
544,gctD5ewSDHs,"생후 1년,,,어엿한 대학생이 된 고양이 호섭!",380.0,6.33,https://www.youtube.com/watch?v=gctD5ewSDHs,False,기타/엔터테인먼트
545,W6F5aLNOoHg,미야옹철과 함께 온라인 고양이 전시 보러가실 분🙋‍♀️,318.0,5.3,https://www.youtube.com/watch?v=W6F5aLNOoHg,False,기타/엔터테인먼트
546,I3oRmu4iC98,sub) 이 세상 귀여움이 아닌 고양이 애기씨를 소개합니다,226.0,3.77,https://www.youtube.com/watch?v=I3oRmu4iC98,False,기타/엔터테인먼트
547,O93IyWGRPYY,화장실로 보는 우리집 고양이 건강 시그널,557.0,9.28,https://www.youtube.com/watch?v=O93IyWGRPYY,False,건강/진료;생활/돌봄
548,SipTSD25MqE,sub) 집사랑 대화하는 k-고양이,61.0,1.02,https://www.youtube.com/watch?v=SipTSD25MqE,False,생활/돌봄
549,9XCwRjkBU_Q,"코로나19, 사람과 고양이간에 감염 가능? 싹 정리해드립니다",374.0,6.23,https://www.youtube.com/watch?v=9XCwRjkBU_Q,False,기타/엔터테인먼트
550,Jhtp2lURqpA,30년간 고양이만 그렸습니다. 자신 있습니다.,336.0,5.6,https://www.youtube.com/watch?v=Jhtp2lURqpA,False,기타/엔터테인먼트
551,lY57gYLYN94,고양이 사모님을 소개합니다,212.0,3.53,https://www.youtube.com/watch?v=lY57gYLYN94,False,브이로그/서사
552,GPWD5TV3o3Q,수의사가 세계관 '최강'일 수 밖에 없는 이유,291.0,4.85,https://www.youtube.com/watch?v=GPWD5TV3o3Q,False,건강/진료
553,NUkFy4Kb9qY,우리집 고양이가 아프다는 신호,495.0,8.25,https://www.youtube.com/watch?v=NUkFy4Kb9qY,False,생활/돌봄
554,LX37Yx2JwaQ,장마사지 해주는 고양이,88.0,1.47,https://www.youtube.com/watch?v=LX37Yx2JwaQ,False,기타/엔터테인먼트
555,6qfy8DfKNKU,냐옹신과 재첩먹방 때 일어난 일,258.0,4.3,https://www.youtube.com/watch?v=6qfy8DfKNKU,False,기타/엔터테인먼트
556,clsiz-hf34w,천하제일 고양이 푸드트리 대회,495.0,8.25,https://www.youtube.com/watch?v=clsiz-hf34w,False,기타/엔터테인먼트
557,bfoa6zJMXXk,[Q&A] SBS 짝은 어쩌다가 나가셨....? 질문 답변해드릴게요!,496.0,8.27,https://www.youtube.com/watch?v=bfoa6zJMXXk,False,건강/진료
558,LkK1QDix-6I,[vlog] 카페에서 MBTI를 했는데요.. (feat. 휴모님과 mbti궁합),496.0,8.27,https://www.youtube.com/watch?v=LkK1QDix-6I,False,기타/엔터테인먼트
559,ynYMFa9lDf4,애기씨 이거 왜먹어? 😭,298.0,4.97,https://www.youtube.com/watch?v=ynYMFa9lDf4,False,기타/엔터테인먼트
560,AnvGSHemvWg,"고양이, 사람의 '이것' 먹으면 죽는다?",220.0,3.67,https://www.youtube.com/watch?v=AnvGSHemvWg,False,기타/엔터테인먼트
561,-cepgyt2Bsc,술취한 아빠 마중나오는 고양이,46.0,0.77,https://www.youtube.com/watch?v=-cepgyt2Bsc,True,기타/엔터테인먼트
562,fseIm1W8Rac,고양이 집사 되고 싶은 사람 손!🙋‍♂️,467.0,7.78,https://www.youtube.com/watch?v=fseIm1W8Rac,False,생활/돌봄
563,G9AcA7kTcwg,sub) 수의사랑 연애.. 이대로 괜찮을까요?,123.0,2.05,https://www.youtube.com/watch?v=G9AcA7kTcwg,False,건강/진료
564,42rRVpulAj0,전체 모래갈이 3개 15분 안에 끝내기,396.0,6.6,https://www.youtube.com/watch?v=42rRVpulAj0,False,생활/돌봄
565,Rc4He4qDWYs,고양이에게 랍스터를 주면 생기는 일,395.0,6.58,https://www.youtube.com/watch?v=Rc4He4qDWYs,False,기타/엔터테인먼트
566,EHTmiq-jHJc,고양이다이어트 최종편,458.0,7.63,https://www.youtube.com/watch?v=EHTmiq-jHJc,False,기타/엔터테인먼트
567,xm8t0_7VJmY,고양이와 여름나기,263.0,4.38,https://www.youtube.com/watch?v=xm8t0_7VJmY,False,기타/엔터테인먼트
568,whh1HsxHLOI,고양이를 위한 공기청정기가 있다?! (feat.LG전자),340.0,5.67,https://www.youtube.com/watch?v=whh1HsxHLOI,False,기타/엔터테인먼트
569,uVAca7g13Uw,미야옹철네에 옆집 큰 고양이가 놀러왔어요!,259.0,4.32,https://www.youtube.com/watch?v=uVAca7g13Uw,False,생활/돌봄
570,pSatvcTGZaw,좋은 동물병원 고르는 법,270.0,4.5,https://www.youtube.com/watch?v=pSatvcTGZaw,False,건강/진료
571,1PX7ZBdN95Q,sub) 고양이 집사 삶의 질 상승 5가지 꿀템,351.0,5.85,https://www.youtube.com/watch?v=1PX7ZBdN95Q,False,생활/돌봄
572,_P-dya19h3w,sub) 네 고양이 약 먹은걸 고양이가 모르게 하라,247.0,4.12,https://www.youtube.com/watch?v=_P-dya19h3w,False,기타/엔터테인먼트
573,UTZwvSPXTLw,5일간 집을 비운 집사들을 고양이는 기억할까?,234.0,3.9,https://www.youtube.com/watch?v=UTZwvSPXTLw,False,행동/감정;생활/돌봄
574,qm4_gGK96rU,sub) 해버렸습니다 호섭이 땅콩....아니 중성화….🥜✂️,501.0,8.35,https://www.youtube.com/watch?v=qm4_gGK96rU,False,기타/엔터테인먼트
575,0UgV2h0_3dM,사모님과 애기씨는 다 계획이 있었구나!,269.0,4.48,https://www.youtube.com/watch?v=0UgV2h0_3dM,False,브이로그/서사
576,qtAy1nkpdEA,중성화 수술이 고양이 장수의 비결?,462.0,7.7,https://www.youtube.com/watch?v=qtAy1nkpdEA,False,기타/엔터테인먼트
577,2iZUTw9-eLk,국대 고양이 캣휠 선수 되는 법,219.0,3.65,https://www.youtube.com/watch?v=2iZUTw9-eLk,False,기타/엔터테인먼트
578,k8a-ZIffXk0,[v-log] 산책하다 동네 고양이들 다 만났어요!,340.0,5.67,https://www.youtube.com/watch?v=k8a-ZIffXk0,False,기타/엔터테인먼트
579,pZ7HuohM4ec,삼시육끼 고양이편 (부제: 수의사네 고양이들은 뭘 먹을까?),380.0,6.33,https://www.youtube.com/watch?v=pZ7HuohM4ec,False,건강/진료
580,hB-31JMGCWM,sub) 예방접종도 루틴이 있어요! 고양이 예방접종의 모든 것,352.0,5.87,https://www.youtube.com/watch?v=hB-31JMGCWM,False,건강/진료
581,JlCUcS_6M7A,sub) 고양이에게 사춘기가 왔어요! 중학생이 된 호섭처남,534.0,8.9,https://www.youtube.com/watch?v=JlCUcS_6M7A,False,기타/엔터테인먼트
582,fnUtZvFS5dQ,sub) 내가 그동안 고양이를 잘못 안았다니? 수의사가 알려주는 고양이 안는 법,244.0,4.07,https://www.youtube.com/watch?v=fnUtZvFS5dQ,False,건강/진료
583,3wY93i6JgSA,고양이 애기씨와 딸기의 한판대결!,173.0,2.88,https://www.youtube.com/watch?v=3wY93i6JgSA,False,기타/엔터테인먼트
584,npVYbgyt_Wk,사모님 생일은 3월 5일! 생일파티🎂에 초대합니다🧡,404.0,6.73,https://www.youtube.com/watch?v=npVYbgyt_Wk,False,브이로그/서사
585,5KluaTgdNko,내가 사랑하는 고양이한테 입덕하게 된 이유 세가지!,265.0,4.42,https://www.youtube.com/watch?v=5KluaTgdNko,False,기타/엔터테인먼트
586,F2Yz2ue1zvk,sub) [v-log] 수의사 집사의 하루,1085.0,18.08,https://www.youtube.com/watch?v=F2Yz2ue1zvk,False,건강/진료;생활/돌봄
587,I2YmFbBQ6AY,너만 알레르기 있냐? 고양이도 알레르기 있다?,214.0,3.57,https://www.youtube.com/watch?v=I2YmFbBQ6AY,False,기타/엔터테인먼트
588,24BVb0ioL-8,미야옹철이 알려주는 고양이 다이어트법,499.0,8.32,https://www.youtube.com/watch?v=24BVb0ioL-8,False,기타/엔터테인먼트
589,0WsJfyBpaCI,고양이도 유산균을 먹어야 할까? (유산균 고르는 기준은?),520.0,8.67,https://www.youtube.com/watch?v=0WsJfyBpaCI,False,기타/엔터테인먼트
590,YRWWYveZ9eg,sub) 갑자기 처남이 생겼습니다...생후 두 달 됐고요...아깽이네요,541.0,9.02,https://www.youtube.com/watch?v=YRWWYveZ9eg,False,기타/엔터테인먼트
591,qkWvuGW2Nlo,우리집 고양이 빨리 무지개다리 건너게 하는 방법 8가지!,375.0,6.25,https://www.youtube.com/watch?v=qkWvuGW2Nlo,False,생활/돌봄
592,2Kb5gfBLyDM,내가 갑자기 쓰러진다면 고양이가 날 구해줄까?,220.0,3.67,https://www.youtube.com/watch?v=2Kb5gfBLyDM,False,기타/엔터테인먼트
593,HBXecUZzRuM,내가 걸린 감기가 우리 고양이한테도 옮는다?!,209.0,3.48,https://www.youtube.com/watch?v=HBXecUZzRuM,False,기타/엔터테인먼트
594,r_yUs-JXP8o,죠리퐁인데 사료뺏어먹는줄 아는 고양이,56.0,0.93,https://www.youtube.com/watch?v=r_yUs-JXP8o,True,생활/돌봄
595,A3lux5UqJxU,사모님과 애기씨의 성장 스토리 : 미야옹철의 육묘일기,137.0,2.28,https://www.youtube.com/watch?v=A3lux5UqJxU,False,브이로그/서사
596,F9ELagQ8cHA,던져도 던져도 자꾸 물고 오는 강아.. 아니 고양이,450.0,7.5,https://www.youtube.com/watch?v=F9ELagQ8cHA,False,기타/엔터테인먼트
597,rAM3nepACvo,고양이 전문 수의사가 직접 구매하고 조립해 본 캣폴,262.0,4.37,https://www.youtube.com/watch?v=rAM3nepACvo,False,건강/진료
598,UfYIAG7grX0,고양이에게 멜론을 줘봤습니다,431.0,7.18,https://www.youtube.com/watch?v=UfYIAG7grX0,False,기타/엔터테인먼트
599,lpbKy9NmBe8,"Ep.8 아깽이의 변신은 무죄, 당신들 심장은 유죄",169.0,2.82,https://www.youtube.com/watch?v=lpbKy9NmBe8,False,건강/진료
600,9-2PeLX-_3E,고양이가 개처럼 헥헥 거리는 거 괜찮은거 맞죠?? 네?! 심장병이요??,314.0,5.23,https://www.youtube.com/watch?v=9-2PeLX-_3E,False,기타/엔터테인먼트
601,t4ZNqZ-P3Co,합필소: 합사 전 필수템을 소개합니다,302.0,5.03,https://www.youtube.com/watch?v=t4ZNqZ-P3Co,False,행동/감정
602,eqWI5LW2WPM,[묘한 진료실] #8 고양이도 백혈병이 있다는 거 아시나요?,458.0,7.63,https://www.youtube.com/watch?v=eqWI5LW2WPM,False,건강/진료
603,LmIzkLUgCGI,고양이 전문 수의사도 합사는 어려워 두 번째 이야기,446.0,7.43,https://www.youtube.com/watch?v=LmIzkLUgCGI,False,행동/감정;건강/진료;브이로그/서사
604,2g4MgACRFmQ,잠깐 여행 다녀올 건데 고양이 혼자 2박3일 정도는 괜찮겠죠?,202.0,3.37,https://www.youtube.com/watch?v=2g4MgACRFmQ,False,기타/엔터테인먼트
605,rkaxNfMwVKo,고양이 전문 수의사도 합사는 어려워(고양이/수의사/합사/사모님/애기씨),532.0,8.87,https://www.youtube.com/watch?v=rkaxNfMwVKo,False,행동/감정;건강/진료;브이로그/서사
606,FPak71b2MZs,고양이가 모기약을 먹으면 생기는 일,217.0,3.62,https://www.youtube.com/watch?v=FPak71b2MZs,False,기타/엔터테인먼트
607,ZW7AQ8XlP5Y,고양이 하나에서 고양이 둘이 됐을 때,151.0,2.52,https://www.youtube.com/watch?v=ZW7AQ8XlP5Y,False,기타/엔터테인먼트
608,LTx93q4n3Zg,[묘한 진료실] #7 고양이와 사람을 괴롭히는 피부병 (곰팡이성 피부병 (링웜) / 비만세포종),663.0,11.05,https://www.youtube.com/watch?v=LTx93q4n3Zg,False,건강/진료
609,8Te7rw44PQo,Ep.7 수의사계의 아이돌 등판!,188.0,3.13,https://www.youtube.com/watch?v=8Te7rw44PQo,False,건강/진료
610,aULGwhWnG7A,[냥fun공작소] 종을 쳐서 집사를 부르는 고양이,614.0,10.23,https://www.youtube.com/watch?v=aULGwhWnG7A,False,생활/돌봄
611,rhHaQdMkyzI,고양이 파양을 말하다,269.0,4.48,https://www.youtube.com/watch?v=rhHaQdMkyzI,False,기타/엔터테인먼트
612,4o3Qwse0ohs,오해마세요. 건강검진 받았습니다.,866.0,14.43,https://www.youtube.com/watch?v=4o3Qwse0ohs,False,건강/진료
613,kb_uUlVDdf4,수의사가 쓰는 고양이 용품은 뭘까?,591.0,9.85,https://www.youtube.com/watch?v=kb_uUlVDdf4,False,건강/진료
614,ksUJdva_PIE,고양이와 외출을 했습니다,692.0,11.53,https://www.youtube.com/watch?v=ksUJdva_PIE,False,기타/엔터테인먼트
615,osoySDnLHhQ,고양이에게 야옹~해봤습니다,227.0,3.78,https://www.youtube.com/watch?v=osoySDnLHhQ,False,기타/엔터테인먼트
616,ck64lGWIMrs,Ep.6 고양이와 고양이 사진을 보며 고양이 그리기,150.0,2.5,https://www.youtube.com/watch?v=ck64lGWIMrs,False,기타/엔터테인먼트
617,eAqCa8c9m-c,[Vlog] 여행 브이로그✈️ 제주도 김녕미로공원에 간 수의사,824.0,13.73,https://www.youtube.com/watch?v=eAqCa8c9m-c,False,건강/진료;브이로그/서사
618,E39BIhtOolk,싸우자 공기청정기야!!!!,238.0,3.97,https://www.youtube.com/watch?v=E39BIhtOolk,False,행동/감정
619,YvbByD8GqdM,[묘한 진료실] #5 고양이의 심장에 그들이 산다,608.0,10.13,https://www.youtube.com/watch?v=YvbByD8GqdM,False,건강/진료
620,UJStvOJ5Yms,Ep.5 플러큰의 초냥화를 그렸습니다,187.0,3.12,https://www.youtube.com/watch?v=UJStvOJ5Yms,False,기타/엔터테인먼트
621,8iqWp7OqIhE,고양이가 좋아하는 색깔은 뭘까?,224.0,3.73,https://www.youtube.com/watch?v=8iqWp7OqIhE,False,행동/감정
622,c1IcAEUzIq0,고양이 골골송 파티 개최합니다,316.0,5.27,https://www.youtube.com/watch?v=c1IcAEUzIq0,False,기타/엔터테인먼트
623,QxoA40m_YoY,[묘한 진료실] #4 고양이 방광염 true or dare,664.0,11.07,https://www.youtube.com/watch?v=QxoA40m_YoY,False,건강/진료
624,mY4VxMbrAHA,Ep.4 G져스 무슨 말이 필요해 (아깽주의),180.0,3.0,https://www.youtube.com/watch?v=mY4VxMbrAHA,False,기타/엔터테인먼트
625,UEBivp1xKS8,[냥fun공작소] 고양이는 왜 이러는 걸까요?,433.0,7.22,https://www.youtube.com/watch?v=UEBivp1xKS8,False,기타/엔터테인먼트
626,d0F27LZe5Qo,장난감월드 : 들어는 봤나 '서킷'이라고,493.0,8.22,https://www.youtube.com/watch?v=d0F27LZe5Qo,False,생활/돌봄
627,TRaz9-yG8m8,고양이가 카네이션을 먹으면 생기는 일,316.0,5.27,https://www.youtube.com/watch?v=TRaz9-yG8m8,False,기타/엔터테인먼트
628,35Am5OZ3UIM,Ep.3 오늘 밤 섹시냥은 나야 나,300.0,5.0,https://www.youtube.com/watch?v=35Am5OZ3UIM,False,기타/엔터테인먼트
629,riCdrdCWHPI,"고양이 산책, 아직도 고민이세요?",325.0,5.42,https://www.youtube.com/watch?v=riCdrdCWHPI,False,기타/엔터테인먼트
630,hz79VeO82nQ,먀옹철이 부릅니다 - Kill This 발톱,539.0,8.98,https://www.youtube.com/watch?v=hz79VeO82nQ,False,건강/진료
631,a4ylUKQy3D8,"미야옹철 : TMI 엔드게임, 2019",720.0,12.0,https://www.youtube.com/watch?v=a4ylUKQy3D8,False,기타/엔터테인먼트
632,zhQQY0nd380,Ep.2 어메이징 스파이더냥,208.0,3.47,https://www.youtube.com/watch?v=zhQQY0nd380,False,기타/엔터테인먼트
633,rVQaFEIiV1A,고양이 옷은 “이 때” 입히세요 (feat. 미야옹철 수의사),202.0,3.37,https://www.youtube.com/watch?v=rVQaFEIiV1A,False,건강/진료;생활/돌봄
634,7U6nAFOpgHU,(오디오 수정) 그 많던 모래는 다 어디 갔을까?,562.0,9.37,https://www.youtube.com/watch?v=7U6nAFOpgHU,False,생활/돌봄
635,QXaJ8J4LtMI,그 많던 모래는 다 어디 갔을까?,562.0,9.37,https://www.youtube.com/watch?v=QXaJ8J4LtMI,False,생활/돌봄
636,rCuF_Ifk7Ic,[묘한 진료실] #3 고양이 똥 이야기,816.0,13.6,https://www.youtube.com/watch?v=rCuF_Ifk7Ic,False,건강/진료;브이로그/서사
637,PcAAkVOG5L4,Ep.1 응가 싸는 중이냥,206.0,3.43,https://www.youtube.com/watch?v=PcAAkVOG5L4,False,기타/엔터테인먼트
638,m2H-rAIhBc8,봄 바람 휘날리며~돌아온 미야옹철,613.0,10.22,https://www.youtube.com/watch?v=m2H-rAIhBc8,False,기타/엔터테인먼트
639,Twd9ICOQHMI,수정) 싸우자 설탕아 풀샷 원본!!! (+자막),351.0,5.85,https://www.youtube.com/watch?v=Twd9ICOQHMI,False,행동/감정
640,9tlS3pPc7mo,[사모님 파격 데뷔] 싸우자 설탕아!!!,347.0,5.78,https://www.youtube.com/watch?v=9tlS3pPc7mo,False,행동/감정;브이로그/서사
641,bZpWHjgJAVY,[묘한 진료실] #2 턱드름에 대한 모든 것! (하이디 asmr 있음),636.0,10.6,https://www.youtube.com/watch?v=bZpWHjgJAVY,False,건강/진료
642,I9IVno14kNw,☆구독자 만 명 기념 이벤트☆,85.0,1.42,https://www.youtube.com/watch?v=I9IVno14kNw,False,브이로그/서사
643,Qite5LlWkHc,저 수많은 불빛 중 내 집 없는 고양이를 위해,422.0,7.03,https://www.youtube.com/watch?v=Qite5LlWkHc,False,생활/돌봄
644,-_xC3vaJ9lY,미야옹철의 TMI를 전적으로 믿으셔야 합니다 집사님들,440.0,7.33,https://www.youtube.com/watch?v=-_xC3vaJ9lY,False,생활/돌봄
645,fbogUZ43U_M,미야옹철의 [묘한 진료실] 첫 개원합니다!(feat 하이디),537.0,8.95,https://www.youtube.com/watch?v=fbogUZ43U_M,False,건강/진료
646,tgwEF88BA1Q,궁디팡팡에 간 미야옹철(feat. 고양이 계의 박보검과 함께),677.0,11.28,https://www.youtube.com/watch?v=tgwEF88BA1Q,False,기타/엔터테인먼트
647,Hbptgc8qZr8,"냥천재 미야옹철의 고양이, 어디까지 알아보고 왔니?(TMI 주의)",431.0,7.18,https://www.youtube.com/watch?v=Hbptgc8qZr8,False,기타/엔터테인먼트
648,aEaQm40-Mms,미야옹철 유튜브 데뷔 팩트입니까?,118.0,1.97,https://www.youtube.com/watch?v=aEaQm40-Mms,False,브이로그/서사
